instance,data_set,n_items,strip_width,lower_bound,reference_height,bbf-best288,bf-LM,bf-SN,bf-TN,bfdh,bfs,ffdh,fh,ish-core,sas,sasm,sc,scr,sh-greedy,twbf-best18,cch_best_single,cch_enum864
C1P1,data/c,16,20,20,20,21,21,21,22,25,20,25,20,21,30,30,20,20,23,21,21,21
C1P2,data/c,17,20,20,20,21,22,22,22,31,26,29,21,23,31,27,25,24,23,21,24,21
C1P3,data/c,16,20,20,20,21,24,24,24,28,25,28,21,20,29,26,25,22,23,21,21,20
C2P1,data/c,25,40,15,15,16,17,17,16,17,17,17,16,16,26,21,17,17,16,16,17,16
C2P2,data/c,25,40,15,15,16,16,16,17,19,17,19,16,17,25,21,16,17,16,16,18,15
C2P3,data/c,25,40,15,15,15,18,17,17,17,17,16,15,15,26,19,16,16,16,17,16,15
C3P1,data/c,28,60,30,30,31,32,32,32,39,36,39,31,31,47,39,33,34,33,32,33,31
C3P2,data/c,29,60,30,30,32,34,34,34,36,36,36,32,33,51,42,36,36,32,33,34,31
C3P3,data/c,28,60,30,30,32,33,35,35,40,34,39,32,32,47,41,34,34,32,33,31,31
C4P1,data/c,49,60,60,60,62,63,65,64,80,66,78,61,65,84,76,68,67,70,63,63,62
C4P2,data/c,49,60,60,60,62,64,62,66,79,79,78,61,61,83,76,70,72,69,62,63,62
C4P3,data/c,49,60,60,60,61,62,63,63,73,63,72,61,62,83,81,63,63,68,62,65,61
C5P1,data/c,73,60,90,90,92,94,94,93,110,99,110,91,93,115,109,95,98,101,92,93,91
C5P2,data/c,73,60,90,90,91,93,96,92,117,106,113,91,93,120,119,101,99,95,92,92,91
C5P3,data/c,73,60,90,90,92,94,93,93,112,102,112,91,93,115,107,98,97,100,92,98,91
C6P1,data/c,97,80,120,120,122,124,127,123,159,129,159,121,123,162,149,127,128,144,123,122,121
C6P2,data/c,97,80,120,120,123,124,122,124,154,132,152,121,122,156,152,128,127,128,122,124,122
C6P3,data/c,97,80,120,120,121,124,125,128,160,137,158,121,123,154,138,129,126,137,123,125,121
C7P1,data/c,196,160,240,240,243,246,250,247,287,260,284,241,243,285,271,250,256,266,245,245,242
C7P2,data/c,197,160,240,240,244,246,246,244,309,259,305,241,249,305,276,249,255,254,244,244,241
C7P3,data/c,196,160,240,240,242,245,248,246,292,261,291,241,245,291,267,253,255,264,245,243,242
BKW01,data/bkw,10,40,40,40,40,48,47,47,46,40,46,40,40,60,46,40,40,40,40,40,40
BKW02,data/bkw,20,30,50,50,53,55,54,53,65,61,65,50,54,67,75,61,61,57,53,53,52
BKW03,data/bkw,30,30,50,50,52,54,54,64,68,57,68,51,53,68,63,54,54,57,52,53,51
BKW04,data/bkw,40,80,80,80,82,86,87,102,126,87,126,83,83,106,92,87,96,93,84,83,82
BKW05,data/bkw,50,100,100,100,103,105,106,105,119,109,119,103,106,149,144,109,106,112,104,106,102
BKW06,data/bkw,60,50,100,100,102,102,107,104,109,105,109,102,102,127,174,105,105,109,102,102,101
BKW07,data/bkw,70,80,100,100,104,110,110,107,161,121,160,102,116,164,164,118,118,127,108,116,102
BKW08,data/bkw,80,100,80,80,82,85,85,83,108,88,108,81,82,105,104,87,88,99,83,83,82
BKW09,data/bkw,100,50,150,150,152,163,163,163,182,164,181,153,152,204,239,160,161,171,154,152,151
BKW10,data/bkw,200,70,150,150,151,153,154,158,191,166,191,151,151,196,185,161,155,161,152,151,151
BKW11,data/bkw,300,70,150,150,151,153,154,153,170,156,169,151,151,210,248,156,154,160,152,152,151
BKW12,data/bkw,500,100,300,300,302,347,363,305,373,314,372,302,302,372,344,312,318,331,306,302,301
BKW13,data/bkw,3152,640,960,960,,968,968,965,1003,972,1003,960,964,1034,1002,972,975,,964,964,960
N1A,data/nt,17,200,200,200,220,229,229,229,297,262,297,239,219,275,274,262,263,246,226,217,217
N1B,data/nt,17,200,200,200,218,235,227,224,290,243,290,222,211,343,337,254,258,244,220,231,212
N1C,data/nt,17,200,200,200,214,261,227,230,278,278,278,230,200,328,286,278,278,231,217,221,206
N1D,data/nt,17,200,200,200,213,213,231,213,272,235,272,213,247,297,297,235,242,228,213,216,213
N1E,data/nt,17,200,200,200,216,232,232,220,249,240,238,216,223,258,258,230,230,227,220,216,213
N2A,data/nt,25,200,200,200,213,236,247,239,282,234,282,215,222,267,264,228,238,236,216,214,211
N2B,data/nt,25,200,200,200,217,230,232,223,271,233,261,212,220,277,277,233,261,238,215,217,212
N2C,data/nt,25,200,200,200,216,237,239,216,265,263,263,212,229,271,271,249,249,258,216,220,215
N2D,data/nt,25,200,200,200,214,219,224,220,257,235,257,213,221,284,284,235,257,247,213,212,210
N2E,data/nt,25,200,200,200,216,222,235,218,268,247,268,224,214,272,265,242,233,223,218,217,211
N3A,data/nt,29,200,200,200,216,215,217,218,272,244,263,216,223,304,284,244,244,248,213,232,213
N3B,data/nt,29,200,200,200,213,217,217,229,271,237,266,212,215,304,237,237,266,270,217,214,213
N3C,data/nt,29,200,200,200,214,229,226,214,282,260,274,212,220,274,274,253,255,238,214,225,212
N3D,data/nt,29,200,200,200,214,230,226,214,299,256,299,216,222,313,265,256,239,246,214,219,211
N3E,data/nt,29,200,200,200,210,214,219,214,268,235,266,211,223,268,266,247,246,231,214,212,210
N4A,data/nt,49,200,200,200,207,223,217,219,237,233,237,213,214,285,243,224,224,231,213,216,209
N4B,data/nt,49,200,200,200,211,213,217,213,267,237,265,213,218,281,272,230,230,243,213,208,207
N4C,data/nt,49,200,200,200,209,214,228,211,263,229,262,210,208,282,256,226,227,235,211,214,208
N4D,data/nt,49,200,200,200,208,208,218,210,260,226,256,211,214,274,241,221,240,240,207,235,207
N4E,data/nt,49,200,200,200,210,216,221,209,270,232,267,209,216,286,248,234,235,235,209,230,209
N5A,data/nt,73,200,200,200,211,213,210,213,268,236,259,208,216,269,253,225,224,250,210,218,206
N5B,data/nt,73,200,200,200,207,209,212,207,253,223,249,206,216,267,243,218,226,231,207,209,207
N5C,data/nt,73,200,200,200,209,218,214,216,265,228,259,206,212,259,259,225,225,247,209,216,209
N5D,data/nt,73,200,200,200,210,213,222,216,248,228,248,206,211,261,243,226,228,231,213,213,206
N5E,data/nt,73,200,200,200,211,212,212,213,277,230,267,207,212,293,256,227,226,243,209,214,207
N6A,data/nt,97,200,200,200,208,211,210,211,242,226,241,204,208,262,255,219,219,232,208,210,206
N6B,data/nt,97,200,200,200,207,215,211,208,269,228,267,204,210,280,232,223,231,230,208,205,205
N6C,data/nt,97,200,200,200,209,215,215,213,252,227,250,202,209,278,264,216,227,231,206,214,205
N6D,data/nt,97,200,200,200,206,207,207,206,262,227,256,202,209,269,237,223,225,239,206,206,203
N6E,data/nt,97,200,200,200,207,217,213,212,267,222,267,205,209,265,241,228,224,236,211,207,207
N7A,data/nt,197,200,200,200,202,205,203,204,241,208,238,201,205,245,243,211,212,215,203,206,202
N7B,data/nt,197,200,200,200,204,205,204,205,242,216,239,201,207,258,239,208,211,222,203,206,201
N7C,data/nt,197,200,200,200,205,209,207,211,244,208,241,201,204,251,236,211,209,219,205,204,203
N7D,data/nt,197,200,200,200,202,204,207,206,255,214,251,201,206,258,234,210,213,221,204,204,203
N7E,data/nt,197,200,200,200,204,205,209,205,273,220,271,201,204,252,228,224,216,216,205,208,201
T1A,data/nt,17,200,200,200,222,239,231,232,311,276,300,224,224,306,281,300,300,266,214,221,212
T1B,data/nt,17,200,200,200,213,213,231,213,272,235,272,213,247,297,297,235,242,228,213,216,213
T1C,data/nt,17,200,200,200,227,251,245,241,305,305,305,246,241,282,279,305,305,236,241,221,212
T1D,data/nt,17,200,200,200,210,210,216,216,291,269,291,222,214,314,295,269,269,247,210,216,210
T1E,data/nt,17,200,200,200,222,248,242,243,297,297,297,249,232,282,282,297,297,247,230,218,216
T2A,data/nt,25,200,200,200,215,226,232,227,287,259,278,218,214,283,283,259,237,246,216,224,213
T2B,data/nt,25,200,200,200,218,217,218,218,337,304,325,224,226,313,307,304,304,228,214,223,212
T2C,data/nt,25,200,200,200,218,220,223,243,277,277,276,220,216,276,274,255,276,266,220,239,212
T2D,data/nt,25,200,200,200,216,222,235,218,268,247,268,224,214,272,265,242,233,223,218,217,211
T2E,data/nt,25,200,200,200,217,230,232,223,271,233,261,212,220,277,277,233,261,238,215,217,212
T3A,data/nt,29,200,200,200,214,230,226,214,299,256,299,216,222,313,265,256,239,246,214,219,211
T3B,data/nt,29,200,200,200,214,228,220,218,315,264,313,211,234,302,301,303,303,246,214,211,211
T3C,data/nt,29,200,200,200,216,220,230,231,268,242,262,210,212,263,260,242,249,243,212,218,212
T3D,data/nt,29,200,200,200,215,230,232,215,271,233,268,212,220,277,277,233,233,252,215,228,213
T3E,data/nt,29,200,200,200,213,217,217,229,271,237,266,212,215,304,237,237,266,270,217,214,213
T4A,data/nt,49,200,200,200,207,212,217,210,260,228,256,211,215,281,252,227,226,239,210,211,207
T4B,data/nt,49,200,200,200,209,214,228,211,263,229,262,210,208,282,256,226,227,235,211,214,208
T4C,data/nt,49,200,200,200,208,208,218,210,260,226,256,211,214,274,241,221,240,240,207,235,207
T4D,data/nt,49,200,200,200,207,223,217,219,237,233,237,213,214,285,243,224,224,231,213,216,209
T4E,data/nt,49,200,200,200,211,213,217,213,267,237,265,213,218,281,272,230,230,243,213,208,207
T5A,data/nt,73,200,200,200,209,218,214,216,265,228,259,206,212,259,259,225,225,247,209,216,209
T5B,data/nt,73,200,200,200,210,226,211,210,261,239,257,205,214,245,233,228,236,234,210,210,209
T5C,data/nt,73,200,200,200,211,213,210,213,268,236,259,208,216,269,253,225,224,250,210,218,206
T5D,data/nt,73,200,200,200,210,213,222,216,248,228,248,206,211,261,243,226,228,231,213,213,206
T5E,data/nt,73,200,200,200,207,209,212,207,253,223,249,206,216,267,243,218,226,231,207,209,207
T6A,data/nt,97,200,200,200,205,210,212,208,261,220,262,202,211,276,264,216,217,220,207,211,206
T6B,data/nt,97,200,200,200,209,215,215,213,252,227,250,202,209,278,264,216,227,231,206,214,205
T6C,data/nt,97,200,200,200,207,217,213,212,267,222,267,205,209,265,241,228,224,236,211,207,207
T6D,data/nt,97,200,200,200,207,215,211,208,269,228,267,204,210,280,232,223,231,230,208,205,205
T6E,data/nt,97,200,200,200,206,210,209,209,277,219,271,202,209,278,233,230,221,229,205,219,205
T7A,data/nt,199,200,200,200,203,204,208,203,266,215,264,201,203,245,241,212,213,218,203,204,202
T7B,data/nt,199,200,200,200,204,206,207,206,252,212,248,201,206,250,238,211,210,232,204,205,202
T7C,data/nt,199,200,200,200,203,206,208,206,266,223,264,201,203,248,233,215,215,227,206,207,203
T7D,data/nt,199,200,200,200,203,204,205,203,259,216,256,201,205,250,233,210,214,246,203,208,202
T7E,data/nt,199,200,200,200,203,207,207,208,244,213,241,201,205,245,224,211,211,229,205,204,202
