ordering,selection,placement,mean_gap_pct,mean_gap_c,mean_gap_bkw,mean_gap_nt,instances
perimeter,first-fit,TN,8.4185,8.683857142857143,4.9359,8.985714285714286,104
maxside,first-fit,TN,8.7870,7.744704761904762,5.746792307692307,9.664285714285715,104
width,first-fit,TN,8.7870,7.744704761904762,5.746792307692307,9.664285714285715,104
diagonal,first-fit,TN,9.0080,8.90872380952381,5.596146153846154,9.67142857142857,104
maxside,tre,TN,9.1303,9.312161904761904,4.0,10.028571428571428,104
width,tre,TN,9.1303,9.312161904761904,4.0,10.028571428571428,104
perimeter,fitness-number,LM,9.1573,10.80687619047619,3.762823076923077,9.664285714285715,104
perimeter,fitness-number,MaxD,9.1573,10.80687619047619,3.762823076923077,9.664285714285715,104
perimeter,fitness-number,MinD,9.1573,10.80687619047619,3.762823076923077,9.664285714285715,104
perimeter,fitness-number,RM,9.1573,10.80687619047619,3.762823076923077,9.664285714285715,104
perimeter,fitness-number,SN,9.1573,10.80687619047619,3.762823076923077,9.664285714285715,104
perimeter,fitness-number,TN,9.1573,10.80687619047619,3.762823076923077,9.664285714285715,104
perimeter,tre,LM,9.1930,9.537028571428571,5.330115384615385,9.807142857142857,104
perimeter,tre,TN,9.2189,11.157395238095239,3.342946153846154,9.728571428571428,104
area,first-fit,TN,9.3673,11.415352380952381,5.3060846153846155,9.507142857142858,104
maxside,tre,LM,9.4232,9.669314285714286,3.7275615384615386,10.407142857142857,104
width,tre,LM,9.4232,9.669314285714286,3.7275615384615386,10.407142857142857,104
maxside,fitness-number,LM,9.4253,10.330680952380952,4.407053846153846,10.085714285714285,104
maxside,fitness-number,MaxD,9.4253,10.330680952380952,4.407053846153846,10.085714285714285,104
maxside,fitness-number,MinD,9.4253,10.330680952380952,4.407053846153846,10.085714285714285,104
maxside,fitness-number,RM,9.4253,10.330680952380952,4.407053846153846,10.085714285714285,104
maxside,fitness-number,SN,9.4253,10.330680952380952,4.407053846153846,10.085714285714285,104
maxside,fitness-number,TN,9.4253,10.330680952380952,4.407053846153846,10.085714285714285,104
width,fitness-number,LM,9.4253,10.330680952380952,4.407053846153846,10.085714285714285,104
width,fitness-number,MaxD,9.4253,10.330680952380952,4.407053846153846,10.085714285714285,104
width,fitness-number,MinD,9.4253,10.330680952380952,4.407053846153846,10.085714285714285,104
width,fitness-number,RM,9.4253,10.330680952380952,4.407053846153846,10.085714285714285,104
width,fitness-number,SN,9.4253,10.330680952380952,4.407053846153846,10.085714285714285,104
width,fitness-number,TN,9.4253,10.330680952380952,4.407053846153846,10.085714285714285,104
diagonal,fitness-number,LM,9.4545,11.157395238095239,4.804484615384616,9.807142857142857,104
diagonal,fitness-number,MaxD,9.4545,11.157395238095239,4.804484615384616,9.807142857142857,104
diagonal,fitness-number,MinD,9.4545,11.157395238095239,4.804484615384616,9.807142857142857,104
diagonal,fitness-number,RM,9.4545,11.157395238095239,4.804484615384616,9.807142857142857,104
diagonal,fitness-number,SN,9.4545,11.157395238095239,4.804484615384616,9.807142857142857,104
diagonal,fitness-number,TN,9.4545,11.157395238095239,4.804484615384616,9.807142857142857,104
perimeter,tre,RM,9.5436,9.609785714285714,4.594553846153846,10.442857142857143,104
maxside,first-fit,RM,9.5899,8.280423809523809,6.073723076923077,10.635714285714286,104
width,first-fit,RM,9.5899,8.280423809523809,6.073723076923077,10.635714285714286,104
maxside,tre,RM,9.6032,9.775138095238095,3.9198692307692307,10.607142857142858,104
width,tre,RM,9.6032,9.775138095238095,3.9198692307692307,10.607142857142858,104
perimeter,tre,MinD,9.6179,11.256604761904763,4.374992307692308,10.1,104
perimeter,first-fit,LM,9.6250,8.988095238095237,5.903853846153846,10.507142857142858,104
diagonal,first-fit,LM,9.7045,8.935180952380952,6.240392307692308,10.57857142857143,104
maxside,tre,MaxD,9.7192,9.775133333333333,4.116984615384616,10.742857142857142,104
width,tre,MaxD,9.7192,9.775133333333333,4.116984615384616,10.742857142857142,104
perimeter,first-fit,MinD,9.7258,9.675923809523809,6.2147461538461535,10.392857142857142,104
diagonal,tre,TN,9.7338,9.79497619047619,5.4326923076923075,10.514285714285714,104
maxside,first-fit,LM,9.7361,8.201061904761904,5.3718,11.007142857142858,104
width,first-fit,LM,9.7361,8.201061904761904,5.3718,11.007142857142858,104
diagonal,tre,MaxD,9.7622,9.193119047619048,5.323715384615385,10.757142857142858,104
maxside,tre,MinD,9.8140,9.92725238095238,4.783646153846154,10.714285714285714,104
width,tre,MinD,9.8140,9.92725238095238,4.783646153846154,10.714285714285714,104
perimeter,tre,MaxD,9.8519,10.383595238095237,5.157038461538462,10.564285714285715,104
area,widest-fit,MaxD,9.8568,9.06084761904762,9.525646153846154,10.157142857142857,104
diagonal,widest-fit,MaxD,9.8568,9.06084761904762,9.525646153846154,10.157142857142857,104
height,widest-fit,MaxD,9.8568,9.06084761904762,9.525646153846154,10.157142857142857,104
maxside,widest-fit,MaxD,9.8568,9.06084761904762,9.525646153846154,10.157142857142857,104
perimeter,widest-fit,MaxD,9.8568,9.06084761904762,9.525646153846154,10.157142857142857,104
width,widest-fit,MaxD,9.8568,9.06084761904762,9.525646153846154,10.157142857142857,104
diagonal,tre,LM,9.8634,10.271157142857142,5.084930769230769,10.628571428571428,104
maxside,first-fit,MinD,9.9702,8.551580952380952,5.870184615384615,11.157142857142857,104
width,first-fit,MinD,9.9702,8.551580952380952,5.870184615384615,11.157142857142857,104
diagonal,first-fit,MaxD,10.0240,9.345238095238095,6.480769230769231,10.885714285714286,104
area,widest-fit,TN,10.0424,9.391533333333333,9.822115384615385,10.278571428571428,104
diagonal,widest-fit,TN,10.0424,9.391533333333333,9.822115384615385,10.278571428571428,104
height,widest-fit,TN,10.0424,9.391533333333333,9.822115384615385,10.278571428571428,104
maxside,widest-fit,TN,10.0424,9.391533333333333,9.822115384615385,10.278571428571428,104
perimeter,widest-fit,TN,10.0424,9.391533333333333,9.822115384615385,10.278571428571428,104
width,widest-fit,TN,10.0424,9.391533333333333,9.822115384615385,10.278571428571428,104
perimeter,first-fit,MaxD,10.0554,9.212966666666667,6.176276923076923,11.028571428571428,104
diagonal,tre,RM,10.1041,10.93915238095238,4.469561538461538,10.9,104
maxside,first-fit,MaxD,10.1229,7.513228571428571,6.1923076923076925,11.635714285714286,104
width,first-fit,MaxD,10.1229,7.513228571428571,6.1923076923076925,11.635714285714286,104
perimeter,nre,MinD,10.1340,11.230166666666667,4.6618615384615385,10.821428571428571,104
perimeter,first-fit,RM,10.1700,10.165347619047619,6.592953846153846,10.835714285714285,104
diagonal,first-fit,MinD,10.1708,9.86772380952381,6.1185846153846155,11.014285714285714,104
diagonal,first-fit,RM,10.2587,11.1045,7.169876923076923,10.57857142857143,104
perimeter,tre,SN,10.2688,10.61507619047619,5.887815384615385,10.978571428571428,104
diagonal,tre,MinD,10.2714,12.480157142857143,4.395823076923077,10.7,104
maxside,nre,MinD,10.3075,9.980161904761905,5.299676923076923,11.335714285714285,104
width,nre,MinD,10.3075,9.980161904761905,5.299676923076923,11.335714285714285,104
maxside,tre,SN,10.4051,9.338619047619048,5.463130769230769,11.642857142857142,104
width,tre,SN,10.4051,9.338619047619048,5.463130769230769,11.642857142857142,104
area,first-fit,RM,10.4204,11.970909523809523,5.794876923076923,10.814285714285715,104
area,first-fit,LM,10.4529,11.812180952380952,6.195515384615384,10.835714285714285,104
diagonal,nre,SN,10.4823,10.06614761904762,4.790061538461538,11.664285714285715,104
area,first-fit,MinD,10.5144,11.990757142857142,5.975961538461538,10.914285714285715,104
area,tre,TN,10.5434,13.181228571428571,5.092946153846154,10.764285714285714,104
area,widest-fit,MinD,10.5469,8.961638095238095,10.091338461538461,11.107142857142858,104
diagonal,widest-fit,MinD,10.5469,8.961638095238095,10.091338461538461,11.107142857142858,104
height,widest-fit,MinD,10.5469,8.961638095238095,10.091338461538461,11.107142857142858,104
maxside,widest-fit,MinD,10.5469,8.961638095238095,10.091338461538461,11.107142857142858,104
perimeter,widest-fit,MinD,10.5469,8.961638095238095,10.091338461538461,11.107142857142858,104
width,widest-fit,MinD,10.5469,8.961638095238095,10.091338461538461,11.107142857142858,104
area,widest-fit,RM,10.5815,9.642857142857142,8.959938461538462,11.164285714285715,104
diagonal,widest-fit,RM,10.5815,9.642857142857142,8.959938461538462,11.164285714285715,104
height,widest-fit,RM,10.5815,9.642857142857142,8.959938461538462,11.164285714285715,104
maxside,widest-fit,RM,10.5815,9.642857142857142,8.959938461538462,11.164285714285715,104
perimeter,widest-fit,RM,10.5815,9.642857142857142,8.959938461538462,11.164285714285715,104
width,widest-fit,RM,10.5815,9.642857142857142,8.959938461538462,11.164285714285715,104
area,first-fit,MaxD,10.6054,12.321433333333333,5.977569230769231,10.95,104
perimeter,nre,SN,10.6356,10.297633333333334,3.7580153846153848,12.014285714285714,104
area,widest-fit,SN,10.7142,9.417985714285715,11.653846153846153,10.928571428571429,104
diagonal,widest-fit,SN,10.7142,9.417985714285715,11.653846153846153,10.928571428571429,104
height,widest-fit,SN,10.7142,9.417985714285715,11.653846153846153,10.928571428571429,104
maxside,widest-fit,SN,10.7142,9.417985714285715,11.653846153846153,10.928571428571429,104
perimeter,widest-fit,SN,10.7142,9.417985714285715,11.653846153846153,10.928571428571429,104
width,widest-fit,SN,10.7142,9.417985714285715,11.653846153846153,10.928571428571429,104
area,widest-fit,LM,10.7145,9.173271428571429,9.16666923076923,11.464285714285714,104
diagonal,widest-fit,LM,10.7145,9.173271428571429,9.16666923076923,11.464285714285714,104
height,widest-fit,LM,10.7145,9.173271428571429,9.16666923076923,11.464285714285714,104
maxside,widest-fit,LM,10.7145,9.173271428571429,9.16666923076923,11.464285714285714,104
perimeter,widest-fit,LM,10.7145,9.173271428571429,9.16666923076923,11.464285714285714,104
width,widest-fit,LM,10.7145,9.173271428571429,9.16666923076923,11.464285714285714,104
perimeter,first-fit,SN,10.7614,10.297614285714285,6.956723076923077,11.607142857142858,104
diagonal,nre,TN,10.7678,15.337304761904761,3.2900615384615386,10.785714285714286,104
diagonal,nre,MinD,10.8167,11.031752380952382,4.7131384615384615,11.885714285714286,104
diagonal,tre,SN,11.0684,11.574066666666667,6.081730769230769,11.842857142857143,104
area,tre,MaxD,11.1040,12.275133333333333,5.657046153846154,11.764285714285714,104
maxside,first-fit,SN,11.1149,8.862438095238096,6.371792307692307,12.67142857142857,104
width,first-fit,SN,11.1149,8.862438095238096,6.371792307692307,12.67142857142857,104
diagonal,first-fit,SN,11.2034,9.91402380952381,7.804492307692308,12.221428571428572,104
maxside,nre,SN,11.2437,10.013228571428572,6.466346153846154,12.5,104
width,nre,SN,11.2437,10.013228571428572,6.466346153846154,12.5,104
area,first-fit,SN,11.3115,12.599214285714286,7.177884615384616,11.692857142857143,104
area,tre,LM,11.3500,12.777785714285715,6.697115384615385,11.785714285714286,104
perimeter,nre,TN,11.3717,15.3836,4.584938461538462,11.428571428571429,104
perimeter,nre,LM,11.4674,11.2897,4.424684615384615,12.82857142857143,104
maxside,nre,LM,11.6780,10.767204761904761,6.299676923076923,12.95,104
width,nre,LM,11.6780,10.767204761904761,6.299676923076923,12.95,104
area,tre,RM,11.7285,13.101857142857142,7.125007692307692,12.17142857142857,104
maxside,nre,RM,11.8291,10.396833333333333,7.838146153846154,13.0,104
width,nre,RM,11.8291,10.396833333333333,7.838146153846154,13.0,104
diagonal,nre,LM,11.8407,10.734133333333332,5.040061538461538,13.435714285714285,104
area,tre,MinD,11.8452,12.612438095238096,6.195515384615384,12.664285714285715,104
area,tre,SN,11.9392,13.24734761904762,6.729169230769231,12.514285714285714,104
perimeter,nre,RM,11.9481,11.507942857142856,4.1875,13.521428571428572,104
maxside,nre,TN,12.1094,13.4127,5.208338461538461,13.0,104
width,nre,TN,12.1094,13.4127,5.208338461538461,13.0,104
diagonal,nre,RM,12.1786,12.328047619047618,4.206723076923077,13.614285714285714,104
perimeter,nre,MaxD,12.2868,15.006614285714285,5.206738461538461,12.785714285714286,104
diagonal,nre,MaxD,12.7628,14.451052380952381,4.988784615384615,13.7,104
maxside,nre,MaxD,12.9173,12.47355238095238,4.2660230769230765,14.657142857142857,104
width,nre,MaxD,12.9173,12.47355238095238,4.2660230769230765,14.657142857142857,104
area,nre,MinD,13.2953,11.382280952380952,9.591353846153845,14.557142857142857,104
area,nre,TN,13.3196,12.724871428571428,8.116992307692307,14.464285714285714,104
area,nre,RM,13.3212,12.566142857142857,8.04006923076923,14.528571428571428,104
area,nre,SN,13.5899,11.468261904761905,10.3093,14.835714285714285,104
area,fitness-number,LM,13.6155,12.36772380952381,9.5609,14.742857142857142,104
area,fitness-number,MaxD,13.6155,12.36772380952381,9.5609,14.742857142857142,104
area,fitness-number,MinD,13.6155,12.36772380952381,9.5609,14.742857142857142,104
area,fitness-number,RM,13.6155,12.36772380952381,9.5609,14.742857142857142,104
area,fitness-number,SN,13.6155,12.36772380952381,9.5609,14.742857142857142,104
area,fitness-number,TN,13.6155,12.36772380952381,9.5609,14.742857142857142,104
area,nre,MaxD,14.0282,12.738090476190477,6.9951923076923075,15.721428571428572,104
area,nre,LM,14.1303,14.199747619047619,10.758015384615385,14.735714285714286,104
maxside,max-area,TN,16.4713,14.411371428571428,16.528846153846153,17.07857142857143,104
width,max-area,TN,16.4713,14.411371428571428,16.528846153846153,17.07857142857143,104
maxside,max-area,MaxD,17.2273,14.728842857142856,16.179492307692307,18.17142857142857,104
width,max-area,MaxD,17.2273,14.728842857142856,16.179492307692307,18.17142857142857,104
diagonal,max-area,TN,17.4756,16.95767619047619,16.142623076923076,17.87857142857143,104
maxside,max-area,LM,17.6269,16.415342857142857,17.575315384615383,18.0,104
width,max-area,LM,17.6269,16.415342857142857,17.575315384615383,18.0,104
perimeter,max-area,TN,17.7776,16.547619047619047,16.028846153846153,18.47142857142857,104
maxside,max-area,MinD,18.0607,14.186509523809523,17.261215384615383,19.37142857142857,104
width,max-area,MinD,18.0607,14.186509523809523,17.261215384615383,19.37142857142857,104
diagonal,max-area,MaxD,18.0714,16.732809523809525,17.695515384615383,18.542857142857144,104
height,first-fit,TN,18.0952,20.615080952380954,14.075323076923077,18.085714285714285,104
height,max-area,TN,18.0952,20.615080952380954,14.075323076923077,18.085714285714285,104
maxside,max-area,RM,18.2702,17.546295238095237,17.009623076923077,18.72142857142857,104
width,max-area,RM,18.2702,17.546295238095237,17.009623076923077,18.72142857142857,104
perimeter,max-area,MaxD,18.3540,16.541009523809524,17.996792307692306,18.964285714285715,104
diagonal,max-area,RM,18.4331,15.4762,17.503207692307694,19.492857142857144,104
diagonal,max-area,MinD,18.6088,16.77910476190476,19.073723076923077,19.071428571428573,104
perimeter,max-area,MinD,18.8858,15.780423809523809,19.709946153846154,19.664285714285715,104
diagonal,max-area,LM,19.0799,15.145504761904762,17.365392307692307,20.57857142857143,104
perimeter,max-area,RM,19.1518,15.800280952380952,18.575323076923077,20.264285714285716,104
height,first-fit,MinD,19.2692,21.41534761904762,15.097761538461539,19.4,104
height,max-area,MinD,19.2692,21.41534761904762,15.097761538461539,19.4,104
height,first-fit,RM,19.3352,21.560847619047617,14.967953846153847,19.478571428571428,104
height,max-area,RM,19.3352,21.560847619047617,14.967953846153847,19.478571428571428,104
diagonal,max-area,SN,19.4269,17.103180952380953,18.402246153846153,20.314285714285713,104
maxside,max-area,SN,19.5908,16.95767619047619,19.371792307692306,20.42142857142857,104
width,max-area,SN,19.5908,16.95767619047619,19.371792307692306,20.42142857142857,104
height,first-fit,LM,19.6573,21.98412380952381,14.89903076923077,19.84285714285714,104
height,max-area,LM,19.6573,21.98412380952381,14.89903076923077,19.84285714285714,104
area,max-area,TN,19.6797,17.99602857142857,14.097761538461539,21.22142857142857,104
perimeter,max-area,LM,19.6846,14.986780952380952,18.03686923076923,21.4,104
perimeter,max-area,SN,20.0253,17.35449523809524,17.97596153846154,21.207142857142856,104
height,tre,TN,20.1703,17.658733333333334,15.0673,21.87142857142857,104
height,tre,MaxD,20.3715,18.3664,17.41826923076923,21.521428571428572,104
height,first-fit,MaxD,20.5381,21.402119047619045,15.886215384615385,21.142857142857142,104
height,max-area,MaxD,20.5381,21.402119047619045,15.886215384615385,21.142857142857142,104
area,max-area,LM,20.9812,18.84259523809524,17.565707692307694,22.257142857142856,104
height,tre,LM,20.9860,21.75924761904762,19.04646923076923,21.114285714285714,104
height,fitness-number,LM,20.9889,15.324071428571429,21.27243076923077,22.635714285714286,104
height,fitness-number,MaxD,20.9889,15.324071428571429,21.27243076923077,22.635714285714286,104
height,fitness-number,MinD,20.9889,15.324071428571429,21.27243076923077,22.635714285714286,104
height,fitness-number,RM,20.9889,15.324071428571429,21.27243076923077,22.635714285714286,104
height,fitness-number,SN,20.9889,15.324071428571429,21.27243076923077,22.635714285714286,104
height,fitness-number,TN,20.9889,15.324071428571429,21.27243076923077,22.635714285714286,104
height,first-fit,SN,21.1556,21.51455238095238,15.798076923076923,22.042857142857144,104
height,max-area,SN,21.1556,21.51455238095238,15.798076923076923,22.042857142857144,104
area,max-area,SN,21.1761,17.738090476190475,18.908653846153847,22.62857142857143,104
area,max-area,MinD,21.2573,18.683857142857143,18.299676923076923,22.57857142857143,104
area,max-area,RM,21.3643,18.379628571428572,18.532046153846153,22.785714285714285,104
area,max-area,MaxD,21.4740,18.035719047619047,18.8109,23.0,104
height,tre,RM,21.5818,21.75925714285714,18.658646153846153,22.071428571428573,104
height,tre,MinD,22.0312,22.169314285714286,18.322115384615383,22.678571428571427,104
height,tre,SN,22.1061,21.832014285714287,18.427884615384617,22.87142857142857,104
height,nre,RM,22.1936,19.080690476190476,16.418276923076924,24.2,104
height,nre,MaxD,22.5602,20.443119047619046,17.15063846153846,24.2,104
height,nre,TN,22.5630,20.033061904761905,17.64263846153846,24.235714285714284,104
height,nre,MinD,22.6393,20.01322857142857,16.16986923076923,24.62857142857143,104
height,nre,SN,23.0872,17.4537,21.195507692307693,25.12857142857143,104
height,nre,LM,23.2398,18.968261904761906,18.469561538461537,25.40714285714286,104
