instance,core,seed,initial,best,lb,gap_pct,elapsed_s,packs
C1P1,classic-bf,2,21,20,20,0.0000,0.1,508
C1P1,classic-bf,4,21,20,20,0.0000,0.2,380
C1P1,classic-bf,7,21,20,20,0.0000,0.2,1329
C1P1,classic-bf,8,21,20,20,0.0000,0.2,821
C1P1,classic-bf,9,21,20,20,0.0000,0.1,632
C1P1,classic-bf,10,21,20,20,0.0000,0.4,1737
C1P1,classic-bf,3,21,20,20,0.0000,0.8,3950
C1P1,classic-bf,1,21,20,20,0.0000,1.5,6142
C1P1,classic-bf,6,21,20,20,0.0000,1.7,5424
C1P1,stage1-best,1,22,20,20,0.0000,1.3,4145
C1P1,classic-bf,5,21,20,20,0.0000,2.8,11725
C1P1,stage1-best,2,22,20,20,0.0000,4.5,19247
C1P1,stage1-best,7,22,20,20,0.0000,2.7,12599
C1P1,stage1-best,6,22,20,20,0.0000,5.4,24025
C1P1,stage1-best,5,22,20,20,0.0000,6.4,30652
C1P1,stage2-best,1,21,20,20,0.0000,0.0,8
C1P1,stage2-best,2,21,20,20,0.0000,0.0,10
C1P1,stage2-best,3,21,20,20,0.0000,0.0,14
C1P1,stage2-best,4,21,20,20,0.0000,0.0,27
C1P1,stage2-best,5,21,20,20,0.0000,0.0,29
C1P1,stage2-best,6,21,20,20,0.0000,0.0,12
C1P1,stage2-best,7,21,20,20,0.0000,0.0,22
C1P1,stage2-best,8,21,20,20,0.0000,0.0,15
C1P1,stage2-best,9,21,20,20,0.0000,0.0,60
C1P1,stage2-best,10,21,20,20,0.0000,0.0,15
C1P2,classic-bf,1,25,20,20,0.0000,0.4,1673
C1P2,classic-bf,2,25,20,20,0.0000,0.0,135
C1P1,stage1-best,4,22,20,20,0.0000,7.2,34749
C1P2,classic-bf,3,25,20,20,0.0000,0.3,1654
C1P1,stage1-best,3,22,20,20,0.0000,8.1,39047
C1P2,classic-bf,5,25,20,20,0.0000,0.0,247
C1P2,classic-bf,6,25,20,20,0.0000,0.0,52
C1P2,classic-bf,8,25,20,20,0.0000,0.1,426
C1P2,classic-bf,9,25,20,20,0.0000,0.0,198
C1P2,classic-bf,4,25,20,20,0.0000,0.2,1513
C1P2,classic-bf,10,25,20,20,0.0000,0.0,292
C1P2,classic-bf,7,25,20,20,0.0000,0.3,1657
C1P1,stage1-best,8,22,20,20,0.0000,7.0,35151
C1P2,stage1-best,1,22,20,20,0.0000,3.5,17417
C1P1,stage1-best,10,22,20,20,0.0000,6.8,33993
C1P2,stage1-best,2,22,20,20,0.0000,6.7,33618
C1P2,stage1-best,5,22,20,20,0.0000,4.5,20125
C1P2,stage1-best,6,22,20,20,0.0000,3.9,19960
C1P2,stage1-best,4,22,20,20,0.0000,7.3,37326
C1P2,stage1-best,8,22,20,20,0.0000,2.6,12633
C1P2,stage2-best,1,22,20,20,0.0000,0.1,257
C1P2,stage2-best,2,22,20,20,0.0000,0.0,57
C1P2,stage2-best,3,22,20,20,0.0000,0.0,32
C1P2,stage2-best,4,22,20,20,0.0000,0.1,222
C1P2,stage2-best,5,22,20,20,0.0000,0.1,155
C1P2,stage2-best,6,22,20,20,0.0000,0.7,1283
C1P2,stage2-best,7,22,20,20,0.0000,0.0,140
C1P2,stage1-best,9,22,20,20,0.0000,3.4,15215
C1P2,stage2-best,9,22,20,20,0.0000,0.0,207
C1P2,stage2-best,10,22,20,20,0.0000,0.1,268
C1P3,classic-bf,1,21,20,20,0.0000,0.1,318
C1P3,classic-bf,2,21,20,20,0.0000,0.0,108
C1P3,classic-bf,3,21,20,20,0.0000,0.0,13
C1P3,classic-bf,4,21,20,20,0.0000,0.0,117
C1P3,classic-bf,5,21,20,20,0.0000,0.0,62
C1P3,classic-bf,6,21,20,20,0.0000,0.0,20
C1P2,stage2-best,8,22,20,20,0.0000,0.7,1510
C1P3,classic-bf,7,21,20,20,0.0000,0.0,218
C1P3,classic-bf,9,21,20,20,0.0000,0.0,22
C1P3,classic-bf,10,21,20,20,0.0000,0.0,18
C1P3,classic-bf,8,21,20,20,0.0000,0.2,465
C1P3,stage1-best,1,22,20,20,0.0000,0.5,2058
C1P3,stage1-best,3,22,20,20,0.0000,0.3,1292
C1P3,stage1-best,2,22,20,20,0.0000,0.6,3064
C1P3,stage1-best,4,22,20,20,0.0000,0.2,600
C1P3,stage1-best,5,22,20,20,0.0000,0.3,918
C1P3,stage1-best,7,22,20,20,0.0000,0.3,1405
C1P3,stage1-best,8,22,20,20,0.0000,0.4,1549
C1P3,stage1-best,9,22,20,20,0.0000,0.2,1137
C1P3,stage1-best,6,22,20,20,0.0000,1.2,5221
C1P3,stage2-best,1,21,20,20,0.0000,0.0,16
C1P3,stage2-best,2,21,20,20,0.0000,0.0,8
C1P3,stage2-best,3,21,20,20,0.0000,0.0,51
C1P3,stage2-best,4,21,20,20,0.0000,0.0,11
C1P3,stage2-best,5,21,20,20,0.0000,0.0,13
C1P3,stage2-best,6,21,20,20,0.0000,0.1,217
C1P3,stage2-best,7,21,20,20,0.0000,0.0,10
C1P3,stage2-best,8,21,20,20,0.0000,0.0,11
C1P3,stage2-best,9,21,20,20,0.0000,0.0,14
C1P3,stage2-best,10,21,20,20,0.0000,0.0,64
C1P3,stage1-best,10,22,20,20,0.0000,0.4,1763
C1P2,stage1-best,10,22,20,20,0.0000,4.8,21633
C1P1,stage1-best,9,22,21,20,5.0000,20.0,95542
C2P1,classic-bf,2,18,15,15,0.0000,3.0,8724
C1P2,stage1-best,3,22,21,20,5.0000,20.0,90242
C1P2,stage1-best,7,22,21,20,5.0000,20.0,92632
C2P1,classic-bf,5,18,15,15,0.0000,13.8,40224
C2P1,classic-bf,1,18,16,15,6.6667,20.0,57908
C2P1,classic-bf,3,18,16,15,6.6667,20.0,60830
C2P1,classic-bf,4,18,16,15,6.6667,20.0,61505
C2P1,classic-bf,10,18,15,15,0.0000,4.5,14997
C2P1,classic-bf,6,18,16,15,6.6667,20.0,61149
C2P1,classic-bf,8,18,15,15,0.0000,9.5,30887
C2P1,classic-bf,7,18,15,15,0.0000,16.9,54600
C2P1,classic-bf,9,18,16,15,6.6667,20.0,63346
C2P1,stage1-best,1,18,16,15,6.6667,20.0,62750
C2P1,stage1-best,2,18,16,15,6.6667,20.0,61189
C2P1,stage1-best,3,18,16,15,6.6667,20.0,63935
C2P1,stage1-best,4,18,16,15,6.6667,20.0,61428
C2P1,stage1-best,5,18,16,15,6.6667,20.0,63862
C2P1,stage2-best,1,16,15,15,0.0000,9.6,12899
C2P1,stage1-best,6,18,16,15,6.6667,20.0,58534
C2P1,stage1-best,7,18,16,15,6.6667,20.0,59351
C2P1,stage2-best,2,16,15,15,0.0000,3.6,4937
C2P1,stage1-best,8,18,16,15,6.6667,20.0,66164
C2P1,stage1-best,9,18,16,15,6.6667,20.0,62961
C2P1,stage2-best,5,16,15,15,0.0000,4.0,7271
C2P1,stage1-best,10,18,16,15,6.6667,20.0,65384
C2P1,stage2-best,7,16,15,15,0.0000,1.4,2641
C2P1,stage2-best,4,16,15,15,0.0000,5.2,9012
C2P1,stage2-best,3,16,15,15,0.0000,7.0,12288
C2P2,classic-bf,2,17,15,15,0.0000,1.2,6281
C2P2,classic-bf,3,17,15,15,0.0000,0.0,149
C2P2,classic-bf,4,17,15,15,0.0000,0.2,1266
C2P1,stage2-best,10,16,15,15,0.0000,2.0,4615
C2P1,stage2-best,8,16,15,15,0.0000,2.8,5974
C2P2,classic-bf,1,17,15,15,0.0000,2.4,12546
C2P2,classic-bf,8,17,15,15,0.0000,0.0,121
C2P2,classic-bf,6,17,15,15,0.0000,0.6,3166
C2P2,classic-bf,7,17,15,15,0.0000,0.6,2150
C2P2,classic-bf,9,17,15,15,0.0000,0.6,3007
C2P2,classic-bf,5,17,15,15,0.0000,3.0,13305
C2P1,stage2-best,6,16,15,15,0.0000,8.4,17634
C2P2,classic-bf,10,17,15,15,0.0000,4.5,20743
C2P1,stage2-best,9,16,15,15,0.0000,9.1,19038
C2P2,stage1-best,1,16,16,15,6.6667,20.0,98581
C2P2,stage1-best,2,16,16,15,6.6667,20.0,99588
C2P2,stage1-best,3,16,16,15,6.6667,20.0,99233
C2P2,stage1-best,5,16,15,15,0.0000,18.8,93331
C2P2,stage1-best,4,16,16,15,6.6667,20.0,99295
C2P2,stage2-best,1,15,15,15,0.0000,0.0,6
C2P2,stage2-best,2,15,15,15,0.0000,0.0,6
C2P2,stage2-best,3,15,15,15,0.0000,0.0,6
C2P2,stage2-best,4,15,15,15,0.0000,0.0,6
C2P2,stage2-best,5,15,15,15,0.0000,0.0,6
C2P2,stage2-best,6,15,15,15,0.0000,0.0,6
C2P2,stage2-best,7,15,15,15,0.0000,0.0,6
C2P2,stage2-best,8,15,15,15,0.0000,0.0,6
C2P2,stage2-best,9,15,15,15,0.0000,0.0,6
C2P2,stage2-best,10,15,15,15,0.0000,0.0,6
C2P3,classic-bf,1,16,15,15,0.0000,0.4,2166
C2P3,classic-bf,2,16,15,15,0.0000,0.5,2636
C2P3,classic-bf,3,16,15,15,0.0000,0.8,4351
C2P3,classic-bf,4,16,15,15,0.0000,0.3,1373
C2P3,classic-bf,5,16,15,15,0.0000,0.0,158
C2P2,stage1-best,6,16,16,15,6.6667,20.0,98653
C2P3,classic-bf,6,16,15,15,0.0000,0.3,1664
C2P3,classic-bf,7,16,15,15,0.0000,0.4,2166
C2P3,classic-bf,8,16,15,15,0.0000,0.4,2166
C2P3,classic-bf,9,16,15,15,0.0000,0.1,763
C2P3,classic-bf,10,16,15,15,0.0000,0.4,2166
C2P3,stage1-best,2,17,15,15,0.0000,10.3,49841
C2P2,stage1-best,8,16,15,15,0.0000,19.6,94397
C2P2,stage1-best,7,16,16,15,6.6667,20.0,95718
C2P2,stage1-best,9,16,16,15,6.6667,20.0,95565
C2P2,stage1-best,10,16,16,15,6.6667,20.0,95685
C2P3,stage1-best,6,17,15,15,0.0000,3.8,16880
C2P3,stage1-best,1,17,16,15,6.6667,20.0,95362
C2P3,stage1-best,5,17,15,15,0.0000,7.1,33275
C2P3,stage1-best,8,17,15,15,0.0000,7.5,37772
C2P3,stage2-best,1,15,15,15,0.0000,0.0,6
C2P3,stage2-best,2,15,15,15,0.0000,0.0,6
C2P3,stage2-best,3,15,15,15,0.0000,0.0,6
C2P3,stage2-best,4,15,15,15,0.0000,0.0,6
C2P3,stage2-best,5,15,15,15,0.0000,0.0,6
C2P3,stage2-best,6,15,15,15,0.0000,0.0,6
C2P3,stage2-best,7,15,15,15,0.0000,0.0,6
C2P3,stage2-best,8,15,15,15,0.0000,0.0,6
C2P3,stage2-best,9,15,15,15,0.0000,0.0,6
C2P3,stage2-best,10,15,15,15,0.0000,0.0,6
C2P3,stage1-best,3,17,16,15,6.6667,20.0,97249
C2P3,stage1-best,4,17,16,15,6.6667,20.0,97575
C3P1,classic-bf,2,32,30,30,0.0000,4.4,15672
C2P3,stage1-best,7,17,16,15,6.6667,20.0,95309
C2P3,stage1-best,10,17,15,15,0.0000,17.9,85823
C3P1,classic-bf,1,32,30,30,0.0000,12.0,42980
C2P3,stage1-best,9,17,16,15,6.6667,20.0,93896
C3P1,classic-bf,3,32,30,30,0.0000,13.8,51352
C3P1,classic-bf,6,32,30,30,0.0000,14.3,54228
C3P1,classic-bf,4,32,31,30,3.3333,20.0,75393
C3P1,classic-bf,5,32,31,30,3.3333,20.0,76337
C3P1,classic-bf,7,32,31,30,3.3333,20.0,71180
C3P1,classic-bf,8,32,31,30,3.3333,20.0,69838
C3P1,classic-bf,9,32,31,30,3.3333,20.0,69852
C3P1,classic-bf,10,32,31,30,3.3333,20.0,65086
C3P1,stage1-best,1,32,31,30,3.3333,20.0,63050
C3P1,stage1-best,2,32,31,30,3.3333,20.0,64683
C3P1,stage1-best,3,32,31,30,3.3333,20.0,68263
C3P1,stage1-best,4,32,31,30,3.3333,20.0,69360
C3P1,stage1-best,5,32,31,30,3.3333,20.0,71928
C3P1,stage2-best,1,31,30,30,0.0000,0.5,929
C3P1,stage2-best,2,31,30,30,0.0000,0.9,1508
C3P1,stage2-best,3,31,30,30,0.0000,0.1,190
C3P1,stage2-best,4,31,30,30,0.0000,0.0,40
C3P1,stage2-best,5,31,30,30,0.0000,0.7,1071
C3P1,stage2-best,6,31,30,30,0.0000,0.4,654
C3P1,stage2-best,7,31,30,30,0.0000,2.1,3411
C3P1,stage2-best,8,31,30,30,0.0000,0.2,337
C3P1,stage1-best,6,32,31,30,3.3333,20.0,68352
C3P1,stage1-best,7,32,31,30,3.3333,20.0,66730
C3P1,stage1-best,8,32,31,30,3.3333,20.6,63917
C3P1,stage1-best,9,32,31,30,3.3333,20.0,56674
C3P1,stage2-best,9,31,30,30,0.0000,6.5,4033
C3P1,stage1-best,10,32,31,30,3.3333,20.0,52578
C3P1,stage2-best,10,31,30,30,0.0000,12.5,11030
C3P2,classic-bf,2,32,31,30,3.3333,20.0,50160
C3P2,classic-bf,1,32,31,30,3.3333,20.0,48654
C3P2,classic-bf,3,32,31,30,3.3333,20.0,54466
C3P2,classic-bf,4,32,31,30,3.3333,20.0,54646
C3P2,classic-bf,5,32,31,30,3.3333,20.0,56983
C3P2,classic-bf,6,32,31,30,3.3333,20.0,58145
C3P2,classic-bf,7,32,31,30,3.3333,20.0,63335
C3P2,classic-bf,8,32,31,30,3.3333,20.0,62778
C3P2,classic-bf,9,32,31,30,3.3333,20.0,60985
C3P2,classic-bf,10,32,31,30,3.3333,20.0,61616
C3P2,stage1-best,1,33,31,30,3.3333,20.0,59772
C3P2,stage1-best,2,33,31,30,3.3333,20.0,59082
C3P2,stage1-best,4,33,31,30,3.3333,20.0,62396
C3P2,stage1-best,3,33,31,30,3.3333,20.0,62929
C3P2,stage1-best,5,33,31,30,3.3333,20.0,62866
C3P2,stage1-best,6,33,31,30,3.3333,20.0,63314
C3P2,stage1-best,7,33,31,30,3.3333,20.0,63324
C3P2,stage1-best,8,33,31,30,3.3333,20.0,63922
C3P2,stage1-best,9,33,31,30,3.3333,20.0,64878
C3P2,stage1-best,10,33,31,30,3.3333,20.0,65118
C3P2,stage2-best,1,32,31,30,3.3333,20.0,30354
C3P2,stage2-best,2,32,31,30,3.3333,20.0,30921
C3P2,stage2-best,3,32,31,30,3.3333,20.0,31430
C3P2,stage2-best,4,32,31,30,3.3333,20.0,31114
C3P2,stage2-best,5,32,31,30,3.3333,20.0,30241
C3P2,stage2-best,6,32,31,30,3.3333,20.0,29936
C3P2,stage2-best,7,32,31,30,3.3333,20.0,29992
C3P2,stage2-best,8,32,31,30,3.3333,20.0,30800
C3P2,stage2-best,9,32,31,30,3.3333,20.0,29514
C3P2,stage2-best,10,32,31,30,3.3333,20.0,29114
C3P3,classic-bf,1,33,31,30,3.3333,20.0,55689
C3P3,classic-bf,2,33,31,30,3.3333,20.0,56770
C3P3,classic-bf,3,33,31,30,3.3333,20.0,56500
C3P3,classic-bf,4,33,31,30,3.3333,20.0,58481
C3P3,classic-bf,5,33,31,30,3.3333,20.0,55911
C3P3,classic-bf,6,33,31,30,3.3333,20.0,59469
C3P3,classic-bf,7,33,31,30,3.3333,20.0,70435
C3P3,classic-bf,8,33,31,30,3.3333,20.0,68959
C3P3,classic-bf,9,33,31,30,3.3333,20.0,69122
C3P3,classic-bf,10,33,31,30,3.3333,20.0,71200
C3P3,stage1-best,1,33,31,30,3.3333,20.0,69259
C3P3,stage1-best,2,33,31,30,3.3333,20.0,67330
C3P3,stage1-best,3,33,31,30,3.3333,20.0,66965
C3P3,stage1-best,4,33,31,30,3.3333,20.0,65524
C3P3,stage1-best,5,33,31,30,3.3333,20.0,65653
C3P3,stage1-best,6,33,31,30,3.3333,20.0,65736
C3P3,stage2-best,2,31,30,30,0.0000,0.0,8
C3P3,stage2-best,3,31,30,30,0.0000,0.1,198
C3P3,stage2-best,1,31,30,30,0.0000,0.2,264
C3P3,stage2-best,4,31,30,30,0.0000,0.0,49
C3P3,stage2-best,5,31,30,30,0.0000,0.0,74
C3P3,stage2-best,7,31,30,30,0.0000,0.1,92
C3P3,stage2-best,6,31,30,30,0.0000,0.1,231
C3P3,stage2-best,9,31,30,30,0.0000,0.1,224
C3P3,stage2-best,10,31,30,30,0.0000,0.0,47
C3P3,stage2-best,8,31,30,30,0.0000,0.3,436
C3P3,stage1-best,7,33,31,30,3.3333,20.0,66497
C3P3,stage1-best,8,33,31,30,3.3333,20.0,65929
C3P3,stage1-best,10,33,31,30,3.3333,20.0,66393
C3P3,stage1-best,9,33,31,30,3.3333,20.0,66303
C4P1,classic-bf,1,63,61,60,1.6667,20.0,36215
C4P1,classic-bf,2,63,61,60,1.6667,20.0,36810
C4P1,classic-bf,3,63,61,60,1.6667,20.0,35067
C4P1,classic-bf,4,63,61,60,1.6667,20.0,36429
C4P1,classic-bf,5,63,61,60,1.6667,20.0,38195
C4P1,classic-bf,6,63,61,60,1.6667,20.0,38603
C4P1,classic-bf,7,63,61,60,1.6667,20.0,39839
C4P1,classic-bf,8,63,61,60,1.6667,20.0,38619
C4P1,classic-bf,9,63,61,60,1.6667,20.0,40117
C4P1,classic-bf,10,63,61,60,1.6667,20.0,39667
C4P1,stage1-best,1,63,61,60,1.6667,20.0,34669
C4P1,stage1-best,2,63,61,60,1.6667,20.0,35079
C4P1,stage1-best,3,63,61,60,1.6667,20.0,35164
C4P1,stage1-best,4,63,61,60,1.6667,20.0,34617
C4P1,stage1-best,5,63,61,60,1.6667,20.0,34099
C4P1,stage1-best,6,63,61,60,1.6667,20.0,33991
C4P1,stage2-best,2,63,60,60,0.0000,6.0,3981
C4P1,stage1-best,7,63,61,60,1.6667,20.0,33201
C4P1,stage1-best,8,63,61,60,1.6667,20.0,32993
C4P1,stage1-best,9,63,61,60,1.6667,20.0,32960
C4P1,stage1-best,10,63,61,60,1.6667,20.0,32831
C4P1,stage2-best,1,63,61,60,1.6667,20.0,12549
C4P1,stage2-best,4,63,60,60,0.0000,3.5,2244
C4P1,stage2-best,7,63,60,60,0.0000,4.3,2793
C4P1,stage2-best,6,63,60,60,0.0000,4.6,3053
C4P1,stage2-best,8,63,60,60,0.0000,9.6,6343
C4P1,stage2-best,3,63,60,60,0.0000,19.7,12747
C4P1,stage2-best,5,63,61,60,1.6667,20.0,13547
C4P1,stage2-best,9,63,61,60,1.6667,20.0,13220
C4P1,stage2-best,10,63,60,60,0.0000,18.5,12352
C4P2,classic-bf,1,66,61,60,1.6667,20.0,34237
C4P2,classic-bf,2,66,61,60,1.6667,20.0,35375
C4P2,classic-bf,3,66,61,60,1.6667,20.0,34451
C4P2,classic-bf,4,66,61,60,1.6667,20.0,35361
C4P2,classic-bf,5,66,61,60,1.6667,20.0,35986
C4P2,classic-bf,6,66,61,60,1.6667,20.0,36250
C4P2,classic-bf,7,66,61,60,1.6667,20.0,36387
C4P2,classic-bf,8,66,61,60,1.6667,20.0,36927
C4P2,classic-bf,9,66,61,60,1.6667,20.0,36353
C4P2,classic-bf,10,66,61,60,1.6667,20.0,37153
C4P2,stage1-best,1,64,61,60,1.6667,20.0,37980
C4P2,stage1-best,2,64,62,60,3.3333,20.0,36912
C4P2,stage1-best,3,64,61,60,1.6667,20.0,38204
C4P2,stage1-best,4,64,61,60,1.6667,20.0,39953
C4P2,stage1-best,5,64,61,60,1.6667,20.0,39070
C4P2,stage2-best,1,62,60,60,0.0000,6.4,4838
C4P2,stage1-best,6,64,62,60,3.3333,20.0,39863
C4P2,stage2-best,3,62,60,60,0.0000,3.0,2196
C4P2,stage1-best,7,64,61,60,1.6667,20.0,38785
C4P2,stage2-best,4,62,60,60,0.0000,0.9,720
C4P2,stage2-best,6,62,60,60,0.0000,0.3,256
C4P2,stage2-best,7,62,60,60,0.0000,0.0,33
C4P2,stage1-best,8,64,62,60,3.3333,20.0,39098
C4P2,stage2-best,5,62,60,60,0.0000,2.6,1772
C4P2,stage1-best,9,64,61,60,1.6667,20.0,38124
C4P2,stage2-best,9,62,60,60,0.0000,2.2,1614
C4P2,stage2-best,8,62,60,60,0.0000,3.8,2455
C4P2,stage2-best,10,62,60,60,0.0000,4.2,2813
C4P2,stage1-best,10,64,62,60,3.3333,20.0,36436
C4P2,stage2-best,2,62,60,60,0.0000,12.9,9179
C4P3,classic-bf,1,62,61,60,1.6667,20.0,39476
C4P3,classic-bf,2,62,61,60,1.6667,20.0,39561
C4P3,classic-bf,3,62,61,60,1.6667,20.0,39732
C4P3,classic-bf,4,62,61,60,1.6667,20.0,40887
C4P3,classic-bf,5,62,61,60,1.6667,20.0,40029
C4P3,classic-bf,6,62,61,60,1.6667,20.0,39534
C4P3,classic-bf,7,62,61,60,1.6667,20.0,41165
C4P3,classic-bf,8,62,61,60,1.6667,20.0,40794
C4P3,classic-bf,9,62,61,60,1.6667,20.0,40686
C4P3,classic-bf,10,62,61,60,1.6667,20.0,40920
C4P3,stage1-best,1,63,61,60,1.6667,20.0,41369
C4P3,stage1-best,2,63,61,60,1.6667,20.0,41378
C4P3,stage1-best,3,63,61,60,1.6667,20.0,37202
C4P3,stage1-best,4,63,61,60,1.6667,20.0,37288
C4P3,stage1-best,5,63,61,60,1.6667,20.0,35755
C4P3,stage1-best,6,63,61,60,1.6667,20.0,37225
C4P3,stage2-best,2,62,60,60,0.0000,0.7,614
C4P3,stage1-best,7,63,61,60,1.6667,20.0,36301
C4P3,stage2-best,3,62,60,60,0.0000,1.7,1436
C4P3,stage1-best,8,63,61,60,1.6667,20.0,36225
C4P3,stage2-best,1,62,60,60,0.0000,8.4,6763
C4P3,stage2-best,4,62,60,60,0.0000,4.7,3775
C4P3,stage2-best,8,62,60,60,0.0000,0.8,672
C4P3,stage2-best,6,62,60,60,0.0000,5.4,4419
C4P3,stage2-best,5,62,60,60,0.0000,6.5,5129
C4P3,stage2-best,7,62,60,60,0.0000,3.0,2437
C4P3,stage1-best,9,63,61,60,1.6667,20.0,40666
C4P3,stage2-best,9,62,60,60,0.0000,8.6,6643
C4P3,stage1-best,10,63,61,60,1.6667,20.0,41552
C4P3,stage2-best,10,62,61,60,1.6667,20.0,14550
C5P1,classic-bf,1,94,91,90,1.1111,20.0,23390
C5P1,classic-bf,2,94,91,90,1.1111,20.0,23307
C5P1,classic-bf,3,94,91,90,1.1111,20.0,24147
C5P1,classic-bf,4,94,91,90,1.1111,20.0,24191
C5P1,classic-bf,5,94,91,90,1.1111,20.0,23695
C5P1,classic-bf,6,94,91,90,1.1111,20.0,26038
C5P1,classic-bf,7,94,91,90,1.1111,20.0,26393
C5P1,classic-bf,8,94,91,90,1.1111,20.0,26574
C5P1,classic-bf,9,94,91,90,1.1111,20.0,25766
C5P1,classic-bf,10,94,91,90,1.1111,20.0,25794
C5P1,stage1-best,1,92,91,90,1.1111,20.0,26652
C5P1,stage1-best,2,92,91,90,1.1111,20.0,24071
C5P1,stage1-best,3,92,92,90,2.2222,20.0,24120
C5P1,stage1-best,4,92,91,90,1.1111,20.0,24206
C5P1,stage1-best,5,92,91,90,1.1111,20.0,23369
C5P1,stage1-best,6,92,91,90,1.1111,20.0,23031
C5P1,stage1-best,7,92,91,90,1.1111,20.0,23125
C5P1,stage2-best,1,91,90,90,0.0000,1.3,518
C5P1,stage2-best,3,91,90,90,0.0000,1.8,695
C5P1,stage2-best,2,91,90,90,0.0000,4.6,1721
C5P1,stage2-best,6,91,90,90,0.0000,6.8,2662
C5P1,stage1-best,8,92,92,90,2.2222,20.0,23654
C5P1,stage2-best,5,91,90,90,0.0000,10.4,4119
C5P1,stage2-best,4,91,90,90,0.0000,11.3,4379
C5P1,stage2-best,7,91,90,90,0.0000,1.3,581
C5P1,stage1-best,9,92,91,90,1.1111,20.0,23922
C5P1,stage2-best,8,91,90,90,0.0000,1.1,484
C5P1,stage2-best,9,91,90,90,0.0000,0.5,198
C5P1,stage1-best,10,92,91,90,1.1111,20.0,23329
C5P1,stage2-best,10,91,90,90,0.0000,1.9,854
C5P2,classic-bf,1,93,91,90,1.1111,20.0,26762
C5P2,classic-bf,2,93,91,90,1.1111,20.0,26307
C5P2,classic-bf,3,93,91,90,1.1111,20.0,25678
C5P2,classic-bf,4,93,91,90,1.1111,20.0,26234
C5P2,classic-bf,5,93,91,90,1.1111,20.0,26471
C5P2,classic-bf,6,93,91,90,1.1111,20.0,26340
C5P2,classic-bf,8,93,91,90,1.1111,20.0,24129
C5P2,classic-bf,7,93,91,90,1.1111,20.0,24635
C5P2,classic-bf,9,93,91,90,1.1111,20.0,24126
C5P2,classic-bf,10,93,91,90,1.1111,20.0,24418
C5P2,stage1-best,1,94,92,90,2.2222,20.0,24223
C5P2,stage1-best,2,94,92,90,2.2222,20.0,24511
C5P2,stage1-best,4,94,92,90,2.2222,20.0,23770
C5P2,stage1-best,3,94,92,90,2.2222,20.0,24022
C5P2,stage1-best,5,94,92,90,2.2222,20.0,23627
C5P2,stage1-best,6,94,91,90,1.1111,20.0,23264
C5P2,stage1-best,7,94,92,90,2.2222,20.0,24011
C5P2,stage2-best,3,92,90,90,0.0000,0.7,252
C5P2,stage1-best,8,94,92,90,2.2222,20.0,23344
C5P2,stage2-best,2,92,90,90,0.0000,1.9,641
C5P2,stage2-best,4,92,90,90,0.0000,4.3,1136
C5P2,stage2-best,1,92,90,90,0.0000,6.0,1602
C5P2,stage2-best,6,92,90,90,0.0000,4.8,1354
C5P2,stage2-best,7,92,90,90,0.0000,2.0,727
C5P2,stage2-best,9,92,90,90,0.0000,0.7,305
C5P2,stage2-best,8,92,90,90,0.0000,2.4,843
C5P2,stage2-best,10,92,90,90,0.0000,7.8,2149
C5P2,stage2-best,5,92,90,90,0.0000,15.0,4181
C5P2,stage1-best,10,94,92,90,2.2222,20.0,16794
C5P2,stage1-best,9,94,91,90,1.1111,20.0,16985
C5P3,classic-bf,1,94,91,90,1.1111,20.0,16951
C5P3,classic-bf,2,94,91,90,1.1111,20.0,17472
C5P3,classic-bf,3,94,91,90,1.1111,20.0,18829
C5P3,classic-bf,4,94,91,90,1.1111,20.0,20166
C5P3,classic-bf,5,94,91,90,1.1111,20.0,21713
C5P3,classic-bf,6,94,91,90,1.1111,20.0,22260
C5P3,classic-bf,7,94,91,90,1.1111,20.0,24550
C5P3,classic-bf,8,94,91,90,1.1111,20.0,24384
C5P3,classic-bf,9,94,91,90,1.1111,20.0,24070
C5P3,classic-bf,10,94,91,90,1.1111,20.0,23531
C5P3,stage1-best,1,93,91,90,1.1111,20.0,22316
C5P3,stage1-best,2,93,91,90,1.1111,20.0,22600
C5P3,stage1-best,3,93,91,90,1.1111,20.0,22343
C5P3,stage1-best,4,93,91,90,1.1111,20.0,23122
C5P3,stage1-best,5,93,91,90,1.1111,20.0,23877
C5P3,stage2-best,1,92,90,90,0.0000,1.3,569
C5P3,stage1-best,6,93,92,90,2.2222,20.0,24535
C5P3,stage2-best,3,92,90,90,0.0000,2.8,1209
C5P3,stage2-best,4,92,90,90,0.0000,0.3,137
C5P3,stage1-best,8,93,91,90,1.1111,20.0,24904
C5P3,stage1-best,7,93,91,90,1.1111,20.0,25082
C5P3,stage2-best,2,92,90,90,0.0000,4.8,2118
C5P3,stage2-best,8,92,90,90,0.0000,0.4,194
C5P3,stage2-best,6,92,90,90,0.0000,2.3,948
C5P3,stage2-best,7,92,90,90,0.0000,3.0,1230
C5P3,stage2-best,9,92,90,90,0.0000,2.2,960
C5P3,stage2-best,5,92,90,90,0.0000,4.8,2159
C5P3,stage2-best,10,92,90,90,0.0000,3.8,1657
C5P3,stage1-best,9,93,91,90,1.1111,20.0,25544
C5P3,stage1-best,10,93,91,90,1.1111,20.0,25757
C6P1,classic-bf,1,123,122,120,1.6667,20.0,17672
C6P1,classic-bf,2,123,122,120,1.6667,20.0,17368
C6P1,classic-bf,3,123,122,120,1.6667,20.0,17724
C6P1,classic-bf,4,123,122,120,1.6667,20.0,17698
C6P1,classic-bf,5,123,122,120,1.6667,20.0,17616
C6P1,classic-bf,6,123,122,120,1.6667,20.0,17949
C6P1,classic-bf,7,123,122,120,1.6667,20.0,18183
C6P1,classic-bf,8,123,122,120,1.6667,20.0,17998
C6P1,classic-bf,9,123,122,120,1.6667,20.0,17565
C6P1,classic-bf,10,123,122,120,1.6667,20.0,17338
C6P1,stage1-best,1,124,122,120,1.6667,20.0,16604
C6P1,stage1-best,2,124,122,120,1.6667,20.0,16753
C6P1,stage1-best,3,124,122,120,1.6667,20.0,15987
C6P1,stage1-best,4,124,122,120,1.6667,20.0,15912
C6P1,stage1-best,5,124,122,120,1.6667,20.0,16003
C6P1,stage1-best,6,124,122,120,1.6667,20.0,16346
C6P1,stage1-best,7,124,122,120,1.6667,20.0,16330
C6P1,stage1-best,8,124,122,120,1.6667,20.0,16289
C6P1,stage2-best,2,122,120,120,0.0000,7.0,1809
C6P1,stage1-best,9,124,122,120,1.6667,20.0,18669
C6P1,stage1-best,10,124,122,120,1.6667,20.0,18801
C6P1,stage2-best,1,122,121,120,0.8333,20.0,5316
C6P1,stage2-best,4,122,120,120,0.0000,16.2,4315
C6P1,stage2-best,3,122,121,120,0.8333,20.0,5271
C6P1,stage2-best,6,122,120,120,0.0000,7.8,2071
C6P1,stage2-best,5,122,121,120,0.8333,20.0,5217
C6P1,stage2-best,7,122,121,120,0.8333,20.0,4783
C6P1,stage2-best,8,122,121,120,0.8333,20.0,4787
C6P1,stage2-best,9,122,121,120,0.8333,20.0,4821
C6P1,stage2-best,10,122,121,120,0.8333,20.0,4759
C6P2,classic-bf,1,124,122,120,1.6667,20.0,16480
C6P2,classic-bf,2,124,121,120,0.8333,20.0,16955
C6P2,classic-bf,3,124,122,120,1.6667,20.0,17995
C6P2,classic-bf,4,124,122,120,1.6667,20.0,18031
C6P2,classic-bf,5,124,121,120,0.8333,20.0,17944
C6P2,classic-bf,6,124,121,120,0.8333,20.0,17503
C6P2,classic-bf,7,124,121,120,0.8333,20.0,17351
C6P2,classic-bf,8,124,121,120,0.8333,20.0,17079
C6P2,classic-bf,9,124,121,120,0.8333,20.0,15883
C6P2,classic-bf,10,124,122,120,1.6667,20.0,15415
C6P2,stage1-best,1,124,122,120,1.6667,20.0,15888
C6P2,stage1-best,2,124,122,120,1.6667,20.0,15470
C6P2,stage1-best,3,124,122,120,1.6667,20.0,15457
C6P2,stage1-best,4,124,122,120,1.6667,20.0,15412
C6P2,stage1-best,5,124,122,120,1.6667,20.0,15753
C6P2,stage2-best,1,124,120,120,0.0000,0.2,56
C6P2,stage2-best,2,124,120,120,0.0000,0.0,12
C6P2,stage1-best,6,124,122,120,1.6667,20.0,16416
C6P2,stage1-best,7,124,122,120,1.6667,20.0,15874
C6P2,stage2-best,3,124,120,120,0.0000,1.9,455
C6P2,stage1-best,8,124,122,120,1.6667,20.0,16415
C6P2,stage1-best,9,124,122,120,1.6667,20.0,16941
C6P2,stage2-best,4,124,120,120,0.0000,6.8,1761
C6P2,stage1-best,10,124,122,120,1.6667,20.0,17264
C6P2,stage2-best,7,124,120,120,0.0000,7.3,1937
C6P2,stage2-best,10,124,120,120,0.0000,6.5,1702
C6P2,stage2-best,6,124,120,120,0.0000,16.6,4348
C6P2,stage2-best,5,124,121,120,0.8333,20.0,5221
C6P2,stage2-best,8,124,121,120,0.8333,20.0,5098
C6P2,stage2-best,9,124,121,120,0.8333,20.0,5057
C6P3,classic-bf,1,124,121,120,0.8333,20.0,16449
C6P3,classic-bf,2,124,122,120,1.6667,20.0,16439
C6P3,classic-bf,3,124,122,120,1.6667,20.0,16188
C6P3,classic-bf,4,124,121,120,0.8333,20.0,16275
C6P3,classic-bf,5,124,122,120,1.6667,20.0,16700
C6P3,classic-bf,6,124,122,120,1.6667,20.0,16620
C6P3,classic-bf,7,124,122,120,1.6667,20.0,16761
C6P3,classic-bf,8,124,122,120,1.6667,20.0,16412
C6P3,classic-bf,9,124,122,120,1.6667,20.0,15508
C6P3,classic-bf,10,124,122,120,1.6667,20.0,15609
C6P3,stage1-best,1,123,122,120,1.6667,20.0,16203
C6P3,stage1-best,2,123,122,120,1.6667,20.0,16346
C6P3,stage1-best,3,123,122,120,1.6667,20.0,16461
C6P3,stage1-best,4,123,122,120,1.6667,20.0,16758
C6P3,stage1-best,5,123,122,120,1.6667,20.0,17248
C6P3,stage1-best,6,123,122,120,1.6667,20.0,17273
C6P3,stage1-best,7,123,122,120,1.6667,20.0,17160
C6P3,stage1-best,8,123,122,120,1.6667,20.0,16888
C6P3,stage1-best,9,123,122,120,1.6667,20.0,17310
C6P3,stage1-best,10,123,122,120,1.6667,20.0,17028
C6P3,stage2-best,1,122,121,120,0.8333,20.0,5017
C6P3,stage2-best,2,122,121,120,0.8333,20.0,5026
C6P3,stage2-best,5,122,120,120,0.0000,15.2,3732
C6P3,stage2-best,3,122,121,120,0.8333,20.0,4891
C6P3,stage2-best,4,122,121,120,0.8333,20.0,4977
C6P3,stage2-best,9,122,120,120,0.0000,1.9,472
C6P3,stage2-best,6,122,120,120,0.0000,17.7,4427
C6P3,stage2-best,7,122,121,120,0.8333,20.0,4983
C6P3,stage2-best,8,122,121,120,0.8333,20.0,4905
C6P3,stage2-best,10,122,121,120,0.8333,20.0,4967
C7P1,classic-bf,1,246,243,240,1.2500,20.0,5743
C7P1,classic-bf,2,246,243,240,1.2500,20.0,5721
C7P1,classic-bf,3,246,243,240,1.2500,20.0,5820
C7P1,classic-bf,4,246,243,240,1.2500,20.0,5838
C7P1,classic-bf,5,246,243,240,1.2500,20.0,5981
C7P1,classic-bf,6,246,243,240,1.2500,20.0,6049
C7P1,classic-bf,7,246,243,240,1.2500,20.0,6269
C7P1,classic-bf,8,246,243,240,1.2500,20.0,6142
C7P1,classic-bf,9,246,243,240,1.2500,20.0,6191
C7P1,classic-bf,10,246,244,240,1.6667,20.0,5860
C7P1,stage1-best,1,246,244,240,1.6667,20.0,5840
C7P1,stage1-best,2,246,245,240,2.0833,20.0,5831
C7P1,stage1-best,3,246,244,240,1.6667,20.0,5982
C7P1,stage1-best,4,246,244,240,1.6667,20.0,5839
C7P1,stage1-best,5,246,244,240,1.6667,20.0,6132
C7P1,stage1-best,6,246,244,240,1.6667,20.0,6151
C7P1,stage1-best,7,246,243,240,1.2500,20.0,6368
C7P1,stage1-best,8,246,244,240,1.6667,20.0,6418
C7P1,stage1-best,9,246,244,240,1.6667,20.0,6438
C7P1,stage1-best,10,246,245,240,2.0833,20.0,6305
C7P1,stage2-best,1,242,241,240,0.4167,20.0,1463
C7P1,stage2-best,2,242,241,240,0.4167,20.0,1456
C7P1,stage2-best,3,242,241,240,0.4167,20.0,1449
C7P1,stage2-best,4,242,241,240,0.4167,20.0,1472
C7P1,stage2-best,5,242,241,240,0.4167,20.0,1456
C7P1,stage2-best,6,242,241,240,0.4167,20.0,1444
C7P1,stage2-best,7,242,241,240,0.4167,20.0,1444
C7P1,stage2-best,8,242,242,240,0.8333,20.1,1360
C7P1,stage2-best,9,242,241,240,0.4167,20.0,1300
C7P1,stage2-best,10,242,241,240,0.4167,20.0,1235
C7P2,classic-bf,1,246,243,240,1.2500,20.0,5031
C7P2,classic-bf,2,246,243,240,1.2500,20.0,5041
C7P2,classic-bf,3,246,243,240,1.2500,20.0,4815
C7P2,classic-bf,4,246,243,240,1.2500,20.0,5159
C7P2,classic-bf,5,246,244,240,1.6667,20.0,5202
C7P2,classic-bf,6,246,243,240,1.2500,20.0,5431
C7P2,classic-bf,7,246,243,240,1.2500,20.0,5412
C7P2,classic-bf,8,246,243,240,1.2500,20.0,5458
C7P2,classic-bf,9,246,243,240,1.2500,20.0,5542
C7P2,classic-bf,10,246,243,240,1.2500,20.0,5732
C7P2,stage1-best,1,245,243,240,1.2500,20.0,6155
C7P2,stage1-best,2,245,244,240,1.6667,20.0,6261
C7P2,stage1-best,3,245,244,240,1.6667,20.0,6361
C7P2,stage1-best,4,245,244,240,1.6667,20.0,6260
C7P2,stage1-best,5,245,244,240,1.6667,20.0,6316
C7P2,stage1-best,6,245,244,240,1.6667,20.0,6251
C7P2,stage1-best,7,245,243,240,1.2500,20.0,6295
C7P2,stage1-best,8,245,243,240,1.2500,20.0,6140
C7P2,stage1-best,9,245,244,240,1.6667,20.0,6183
C7P2,stage1-best,10,245,244,240,1.6667,20.0,6042
C7P2,stage2-best,1,242,241,240,0.4167,20.0,1336
C7P2,stage2-best,2,242,241,240,0.4167,20.0,1277
C7P2,stage2-best,3,242,241,240,0.4167,20.0,1254
C7P2,stage2-best,4,242,241,240,0.4167,20.0,1222
C7P2,stage2-best,5,242,241,240,0.4167,20.0,1241
C7P2,stage2-best,6,242,241,240,0.4167,20.0,1225
C7P2,stage2-best,7,242,241,240,0.4167,20.0,1253
C7P2,stage2-best,8,242,241,240,0.4167,20.0,1339
C7P2,stage2-best,9,242,241,240,0.4167,20.0,1327
C7P2,stage2-best,10,242,241,240,0.4167,20.0,1343
C7P3,classic-bf,1,245,243,240,1.2500,20.0,5700
C7P3,classic-bf,2,245,243,240,1.2500,20.0,5789
C7P3,classic-bf,3,245,243,240,1.2500,20.0,5684
C7P3,classic-bf,4,245,244,240,1.6667,20.0,5482
C7P3,classic-bf,5,245,243,240,1.2500,20.0,5438
C7P3,classic-bf,6,245,243,240,1.2500,20.0,5202
C7P3,classic-bf,7,245,243,240,1.2500,20.0,5350
C7P3,classic-bf,8,245,243,240,1.2500,20.0,5177
C7P3,classic-bf,9,245,243,240,1.2500,20.0,5283
C7P3,classic-bf,10,245,243,240,1.2500,20.0,5305
C7P3,stage1-best,1,245,244,240,1.6667,20.0,5462
C7P3,stage1-best,2,245,245,240,2.0833,20.0,5574
C7P3,stage1-best,3,245,244,240,1.6667,20.0,5735
C7P3,stage1-best,4,245,244,240,1.6667,20.0,5615
C7P3,stage1-best,5,245,244,240,1.6667,20.0,5866
C7P3,stage1-best,6,245,244,240,1.6667,20.0,5984
C7P3,stage1-best,7,245,245,240,2.0833,20.0,6122
C7P3,stage1-best,8,245,244,240,1.6667,20.0,6346
C7P3,stage1-best,9,245,244,240,1.6667,20.0,6323
C7P3,stage1-best,10,245,244,240,1.6667,20.0,6206
C7P3,stage2-best,1,243,241,240,0.4167,20.0,1433
C7P3,stage2-best,2,243,241,240,0.4167,20.0,1527
C7P3,stage2-best,3,243,241,240,0.4167,20.0,1532
C7P3,stage2-best,4,243,241,240,0.4167,20.0,1518
C7P3,stage2-best,5,243,241,240,0.4167,20.0,1533
BKW01,classic-bf,1,48,40,40,0.0000,0.0,313
BKW01,classic-bf,2,48,40,40,0.0000,0.0,149
BKW01,classic-bf,3,48,40,40,0.0000,0.0,67
BKW01,classic-bf,4,48,40,40,0.0000,0.0,202
BKW01,classic-bf,5,48,40,40,0.0000,0.0,8
BKW01,classic-bf,6,48,40,40,0.0000,0.0,77
BKW01,classic-bf,7,48,40,40,0.0000,0.0,43
BKW01,classic-bf,8,48,40,40,0.0000,0.0,196
BKW01,classic-bf,9,48,40,40,0.0000,0.0,186
BKW01,classic-bf,10,48,40,40,0.0000,0.0,44
BKW01,stage1-best,1,40,40,40,0.0000,0.0,6
BKW01,stage1-best,2,40,40,40,0.0000,0.0,6
BKW01,stage1-best,3,40,40,40,0.0000,0.0,6
BKW01,stage1-best,4,40,40,40,0.0000,0.0,6
BKW01,stage1-best,5,40,40,40,0.0000,0.0,6
BKW01,stage1-best,6,40,40,40,0.0000,0.0,6
BKW01,stage1-best,7,40,40,40,0.0000,0.0,6
BKW01,stage1-best,8,40,40,40,0.0000,0.0,6
BKW01,stage1-best,9,40,40,40,0.0000,0.0,6
BKW01,stage1-best,10,40,40,40,0.0000,0.0,6
BKW01,stage2-best,1,40,40,40,0.0000,0.0,6
BKW01,stage2-best,2,40,40,40,0.0000,0.0,6
BKW01,stage2-best,3,40,40,40,0.0000,0.0,6
BKW01,stage2-best,4,40,40,40,0.0000,0.0,6
BKW01,stage2-best,5,40,40,40,0.0000,0.0,6
BKW01,stage2-best,6,40,40,40,0.0000,0.0,6
BKW01,stage2-best,7,40,40,40,0.0000,0.0,6
BKW01,stage2-best,8,40,40,40,0.0000,0.0,6
BKW01,stage2-best,9,40,40,40,0.0000,0.0,6
BKW01,stage2-best,10,40,40,40,0.0000,0.0,6
C7P3,stage2-best,6,243,241,240,0.4167,20.0,1521
BKW02,classic-bf,1,54,50,50,0.0000,4.3,24441
BKW02,classic-bf,3,54,50,50,0.0000,1.4,8318
C7P3,stage2-best,7,243,241,240,0.4167,20.0,1546
C7P3,stage2-best,8,243,241,240,0.4167,20.0,1490
C7P3,stage2-best,9,243,241,240,0.4167,20.0,1443
C7P3,stage2-best,10,243,241,240,0.4167,20.0,1376
BKW02,classic-bf,2,54,51,50,2.0000,20.0,100495
BKW02,classic-bf,4,54,51,50,2.0000,20.0,98766
BKW02,classic-bf,5,54,51,50,2.0000,20.0,98964
BKW02,classic-bf,6,54,51,50,2.0000,20.0,102443
BKW02,classic-bf,7,54,51,50,2.0000,20.0,103426
BKW02,classic-bf,8,54,51,50,2.0000,20.0,111549
BKW02,classic-bf,9,54,51,50,2.0000,20.0,112942
BKW02,classic-bf,10,54,51,50,2.0000,20.0,114461
BKW02,stage1-best,1,54,51,50,2.0000,20.0,110453
BKW02,stage1-best,2,54,51,50,2.0000,20.0,115278
BKW02,stage1-best,3,54,51,50,2.0000,20.0,111059
BKW02,stage1-best,4,54,51,50,2.0000,20.0,111663
BKW02,stage1-best,5,54,51,50,2.0000,20.0,112055
BKW02,stage2-best,1,53,50,50,0.0000,0.0,55
BKW02,stage2-best,2,53,50,50,0.0000,0.0,141
BKW02,stage2-best,3,53,50,50,0.0000,0.2,544
BKW02,stage2-best,4,53,50,50,0.0000,0.1,222
BKW02,stage2-best,5,53,50,50,0.0000,0.0,10
BKW02,stage2-best,6,53,50,50,0.0000,0.0,26
BKW02,stage2-best,7,53,50,50,0.0000,0.1,207
BKW02,stage2-best,8,53,50,50,0.0000,0.0,108
BKW02,stage2-best,9,53,50,50,0.0000,0.1,197
BKW02,stage2-best,10,53,50,50,0.0000,0.1,232
BKW02,stage1-best,6,54,51,50,2.0000,20.0,112158
BKW02,stage1-best,7,54,51,50,2.0000,20.0,112467
BKW02,stage1-best,8,54,51,50,2.0000,20.0,111350
BKW02,stage1-best,9,54,51,50,2.0000,20.0,113172
BKW02,stage1-best,10,54,51,50,2.0000,20.0,115184
BKW03,classic-bf,1,54,51,50,2.0000,20.0,82108
BKW03,classic-bf,2,54,51,50,2.0000,20.0,83555
BKW03,classic-bf,3,54,51,50,2.0000,20.0,81995
BKW03,classic-bf,4,54,51,50,2.0000,20.0,84947
BKW03,classic-bf,5,54,51,50,2.0000,20.0,85054
BKW03,classic-bf,6,54,51,50,2.0000,20.0,85595
BKW03,classic-bf,7,54,51,50,2.0000,20.0,86968
BKW03,classic-bf,8,54,51,50,2.0000,20.0,87404
BKW03,classic-bf,9,54,51,50,2.0000,20.0,87248
BKW03,classic-bf,10,54,51,50,2.0000,20.0,86940
BKW03,stage1-best,5,52,50,50,0.0000,7.0,30041
BKW03,stage1-best,1,52,51,50,2.0000,20.0,86405
BKW03,stage1-best,2,52,51,50,2.0000,20.0,87672
BKW03,stage1-best,3,52,51,50,2.0000,20.0,87427
BKW03,stage1-best,4,52,51,50,2.0000,20.0,84182
BKW03,stage2-best,1,52,50,50,0.0000,0.1,248
BKW03,stage2-best,2,52,50,50,0.0000,0.2,465
BKW03,stage2-best,3,52,50,50,0.0000,0.4,524
BKW03,stage2-best,4,52,50,50,0.0000,0.1,134
BKW03,stage2-best,5,52,50,50,0.0000,1.0,1823
BKW03,stage2-best,6,52,50,50,0.0000,0.6,1076
BKW03,stage2-best,7,52,50,50,0.0000,1.2,2229
BKW03,stage2-best,8,52,50,50,0.0000,0.2,323
BKW03,stage2-best,9,52,50,50,0.0000,0.7,1277
BKW03,stage2-best,10,52,50,50,0.0000,0.1,157
BKW03,stage1-best,6,52,51,50,2.0000,20.0,82797
BKW03,stage1-best,7,52,51,50,2.0000,20.0,82305
BKW03,stage1-best,8,52,51,50,2.0000,20.0,80956
BKW03,stage1-best,10,52,50,50,0.0000,17.9,71644
BKW03,stage1-best,9,52,51,50,2.0000,20.0,79096
BKW04,classic-bf,1,103,82,80,2.5000,20.0,48506
BKW04,classic-bf,2,103,82,80,2.5000,20.0,48522
BKW04,classic-bf,3,103,82,80,2.5000,20.0,48517
BKW04,classic-bf,4,103,82,80,2.5000,20.0,48609
BKW04,classic-bf,5,103,82,80,2.5000,20.0,48952
BKW04,classic-bf,6,103,82,80,2.5000,20.0,48533
BKW04,classic-bf,7,103,82,80,2.5000,20.0,45389
BKW04,classic-bf,8,103,82,80,2.5000,20.0,45109
BKW04,classic-bf,9,103,82,80,2.5000,20.0,43536
BKW04,classic-bf,10,103,82,80,2.5000,20.0,43327
BKW04,stage1-best,1,82,81,80,1.2500,20.0,45123
BKW04,stage1-best,2,82,81,80,1.2500,20.0,44459
BKW04,stage1-best,3,82,81,80,1.2500,20.0,47711
BKW04,stage1-best,4,82,81,80,1.2500,20.0,47516
BKW04,stage1-best,5,82,81,80,1.2500,20.0,48146
BKW04,stage1-best,6,82,81,80,1.2500,20.0,47476
BKW04,stage1-best,7,82,81,80,1.2500,20.0,46693
BKW04,stage1-best,8,82,81,80,1.2500,20.0,46485
BKW04,stage2-best,3,83,80,80,0.0000,0.6,613
BKW04,stage2-best,1,83,80,80,0.0000,7.7,7898
BKW04,stage1-best,9,82,81,80,1.2500,20.0,44238
BKW04,stage1-best,10,82,81,80,1.2500,20.0,44219
BKW04,stage2-best,4,83,80,80,0.0000,12.9,13514
BKW04,stage2-best,2,83,81,80,1.2500,20.0,20434
BKW04,stage2-best,5,83,81,80,1.2500,20.0,21113
BKW04,stage2-best,6,83,81,80,1.2500,20.0,21259
BKW04,stage2-best,7,83,81,80,1.2500,20.0,23329
BKW04,stage2-best,8,83,81,80,1.2500,20.0,23611
BKW04,stage2-best,10,83,80,80,0.0000,18.1,21582
BKW04,stage2-best,9,83,81,80,1.2500,20.0,23813
BKW05,classic-bf,1,105,103,100,3.0000,20.0,36583
BKW05,classic-bf,2,105,103,100,3.0000,20.0,36592
BKW05,classic-bf,3,105,103,100,3.0000,20.0,36406
BKW05,classic-bf,4,105,102,100,2.0000,20.0,36131
BKW05,classic-bf,5,105,103,100,3.0000,20.0,35868
BKW05,classic-bf,6,105,103,100,3.0000,20.0,36308
BKW05,classic-bf,7,105,102,100,2.0000,20.0,34417
BKW05,classic-bf,8,105,103,100,3.0000,20.0,34669
BKW05,classic-bf,9,105,102,100,2.0000,20.0,35461
BKW05,classic-bf,10,105,102,100,2.0000,20.0,35684
BKW05,stage1-best,1,106,103,100,3.0000,20.0,38541
BKW05,stage1-best,2,106,103,100,3.0000,20.0,38857
BKW05,stage1-best,3,106,103,100,3.0000,20.0,40412
BKW05,stage1-best,4,106,103,100,3.0000,20.0,40635
BKW05,stage1-best,5,106,103,100,3.0000,20.0,39735
BKW05,stage2-best,1,105,100,100,0.0000,0.2,208
BKW05,stage1-best,6,106,102,100,2.0000,20.0,39224
BKW05,stage1-best,7,106,103,100,3.0000,20.0,39138
BKW05,stage1-best,8,106,103,100,3.0000,20.0,39106
BKW05,stage2-best,3,105,100,100,0.0000,1.6,1122
BKW05,stage2-best,4,105,100,100,0.0000,1.6,1210
BKW05,stage2-best,7,105,100,100,0.0000,1.4,1089
BKW05,stage1-best,9,106,103,100,3.0000,20.0,38378
BKW05,stage1-best,10,106,103,100,3.0000,20.0,38662
BKW05,stage2-best,9,105,100,100,0.0000,6.4,5660
BKW05,stage2-best,8,105,100,100,0.0000,11.7,10271
BKW05,stage2-best,2,105,101,100,1.0000,20.0,16915
BKW05,stage2-best,5,105,101,100,1.0000,20.0,17310
BKW05,stage2-best,6,105,101,100,1.0000,20.0,17267
BKW05,stage2-best,10,105,101,100,1.0000,20.0,17072
BKW06,classic-bf,1,102,101,100,1.0000,20.0,38495
BKW06,classic-bf,2,102,101,100,1.0000,20.0,38559
BKW06,classic-bf,3,102,101,100,1.0000,20.0,37043
BKW06,classic-bf,4,102,101,100,1.0000,20.0,36904
BKW06,classic-bf,5,102,101,100,1.0000,20.0,36184
BKW06,classic-bf,6,102,101,100,1.0000,20.0,34727
BKW06,classic-bf,7,102,101,100,1.0000,20.0,36215
BKW06,classic-bf,8,102,101,100,1.0000,20.0,35984
BKW06,classic-bf,9,102,101,100,1.0000,20.0,37712
BKW06,classic-bf,10,102,101,100,1.0000,20.0,38001
BKW06,stage1-best,1,103,101,100,1.0000,20.0,37542
BKW06,stage1-best,2,103,101,100,1.0000,20.0,38400
BKW06,stage1-best,3,103,101,100,1.0000,20.0,36291
BKW06,stage1-best,4,103,101,100,1.0000,20.0,36146
BKW06,stage1-best,5,103,101,100,1.0000,20.0,34643
BKW06,stage2-best,1,101,100,100,0.0000,1.0,636
BKW06,stage1-best,6,103,101,100,1.0000,20.0,34717
BKW06,stage1-best,7,103,101,100,1.0000,20.0,34118
BKW06,stage2-best,2,101,100,100,0.0000,2.4,1733
BKW06,stage2-best,4,101,100,100,0.0000,2.6,1827
BKW06,stage2-best,6,101,100,100,0.0000,0.8,560
BKW06,stage2-best,5,101,100,100,0.0000,2.9,2033
BKW06,stage2-best,3,101,100,100,0.0000,5.6,3921
BKW06,stage2-best,7,101,100,100,0.0000,1.6,1093
BKW06,stage2-best,10,101,100,100,0.0000,1.2,816
BKW06,stage2-best,8,101,100,100,0.0000,3.0,2030
BKW06,stage2-best,9,101,100,100,0.0000,2.1,1474
BKW06,stage1-best,8,103,101,100,1.0000,20.0,35215
BKW06,stage1-best,9,103,101,100,1.0000,20.0,38022
BKW06,stage1-best,10,103,101,100,1.0000,20.0,37833
BKW07,classic-bf,1,110,104,100,4.0000,20.0,31794
BKW07,classic-bf,2,110,104,100,4.0000,20.0,32028
BKW07,classic-bf,3,110,104,100,4.0000,20.0,31786
BKW07,classic-bf,4,110,103,100,3.0000,20.0,31980
BKW07,classic-bf,5,110,104,100,4.0000,20.0,32318
BKW07,classic-bf,6,110,104,100,4.0000,20.0,32174
BKW07,classic-bf,7,110,102,100,2.0000,20.0,30133
BKW07,classic-bf,8,110,104,100,4.0000,20.0,30110
BKW07,classic-bf,9,110,104,100,4.0000,20.0,30324
BKW07,classic-bf,10,110,104,100,4.0000,20.0,29709
BKW07,stage1-best,1,104,103,100,3.0000,20.0,28740
BKW07,stage1-best,2,104,102,100,2.0000,20.0,28900
BKW07,stage1-best,3,104,102,100,2.0000,20.0,27040
BKW07,stage1-best,4,104,102,100,2.0000,20.0,26593
BKW07,stage1-best,5,104,102,100,2.0000,20.0,27254
BKW07,stage1-best,6,104,102,100,2.0000,20.0,27508
BKW07,stage1-best,7,104,102,100,2.0000,20.0,27366
BKW07,stage1-best,8,104,102,100,2.0000,20.0,27219
BKW07,stage2-best,4,104,100,100,0.0000,2.0,920
BKW07,stage1-best,9,104,102,100,2.0000,20.0,26864
BKW07,stage1-best,10,104,102,100,2.0000,20.0,27769
BKW07,stage2-best,1,104,101,100,1.0000,20.0,9303
BKW07,stage2-best,2,104,101,100,1.0000,20.0,9208
BKW07,stage2-best,3,104,101,100,1.0000,20.0,9261
BKW07,stage2-best,5,104,101,100,1.0000,20.0,9258
BKW07,stage2-best,6,104,101,100,1.0000,20.0,8858
BKW07,stage2-best,7,104,101,100,1.0000,20.0,9136
BKW07,stage2-best,8,104,101,100,1.0000,20.0,9169
BKW07,stage2-best,9,104,101,100,1.0000,20.0,8934
BKW07,stage2-best,10,104,101,100,1.0000,20.0,8772
BKW08,classic-bf,1,83,82,80,2.5000,20.0,20195
BKW08,classic-bf,2,83,81,80,1.2500,20.0,21903
BKW08,classic-bf,3,83,82,80,2.5000,20.0,21855
BKW08,classic-bf,4,83,81,80,1.2500,20.0,22154
BKW08,classic-bf,5,83,82,80,2.5000,20.0,22230
BKW08,classic-bf,6,83,82,80,2.5000,20.0,22511
BKW08,classic-bf,7,83,82,80,2.5000,20.0,22816
BKW08,classic-bf,8,83,81,80,1.2500,20.0,23367
BKW08,classic-bf,9,83,81,80,1.2500,20.0,23217
BKW08,classic-bf,10,83,81,80,1.2500,20.0,23361
BKW08,stage1-best,1,83,82,80,2.5000,20.0,24141
BKW08,stage1-best,2,83,82,80,2.5000,20.0,24593
BKW08,stage1-best,3,83,82,80,2.5000,20.0,25012
BKW08,stage1-best,4,83,82,80,2.5000,20.0,24765
BKW08,stage1-best,5,83,82,80,2.5000,20.0,24951
BKW08,stage1-best,6,83,82,80,2.5000,20.0,25143
BKW08,stage1-best,7,83,82,80,2.5000,20.0,24697
BKW08,stage1-best,8,83,82,80,2.5000,20.0,24373
BKW08,stage1-best,9,83,82,80,2.5000,20.0,24373
BKW08,stage1-best,10,83,81,80,1.2500,20.0,25508
BKW08,stage2-best,1,82,81,80,1.2500,20.0,8085
BKW08,stage2-best,2,82,81,80,1.2500,20.0,8113
BKW08,stage2-best,3,82,81,80,1.2500,20.0,8112
BKW08,stage2-best,4,82,81,80,1.2500,20.0,8054
BKW08,stage2-best,5,82,81,80,1.2500,20.0,7811
BKW08,stage2-best,6,82,81,80,1.2500,20.0,7482
BKW08,stage2-best,7,82,81,80,1.2500,20.0,7418
BKW08,stage2-best,8,82,81,80,1.2500,20.0,7191
BKW08,stage2-best,9,82,81,80,1.2500,20.0,7489
BKW08,stage2-best,10,82,81,80,1.2500,20.0,7476
BKW09,classic-bf,1,154,151,150,0.6667,20.0,21652
BKW09,classic-bf,2,154,151,150,0.6667,20.0,20733
BKW09,classic-bf,3,154,151,150,0.6667,20.0,20644
BKW09,classic-bf,4,154,151,150,0.6667,20.0,20631
BKW09,classic-bf,5,154,151,150,0.6667,20.0,20463
BKW09,classic-bf,6,154,151,150,0.6667,20.0,19909
BKW09,classic-bf,7,154,151,150,0.6667,20.0,19394
BKW09,classic-bf,8,154,151,150,0.6667,20.0,20522
BKW09,classic-bf,9,154,151,150,0.6667,20.0,20762
BKW09,classic-bf,10,154,151,150,0.6667,20.0,20834
BKW09,stage1-best,1,162,152,150,1.3333,20.0,20480
BKW09,stage1-best,2,162,152,150,1.3333,20.0,20589
BKW09,stage1-best,3,162,152,150,1.3333,20.0,20423
BKW09,stage1-best,4,162,152,150,1.3333,20.0,18707
BKW09,stage1-best,5,162,152,150,1.3333,20.0,18678
BKW09,stage1-best,6,162,152,150,1.3333,20.0,18765
BKW09,stage1-best,7,162,152,150,1.3333,20.0,18678
BKW09,stage2-best,2,152,150,150,0.0000,1.5,424
BKW09,stage1-best,8,162,152,150,1.3333,20.0,18918
BKW09,stage2-best,5,152,150,150,0.0000,0.4,127
BKW09,stage2-best,6,152,150,150,0.0000,0.5,144
BKW09,stage2-best,3,152,150,150,0.0000,6.7,1839
BKW09,stage1-best,9,162,152,150,1.3333,20.0,19506
BKW09,stage2-best,4,152,150,150,0.0000,7.1,1913
BKW09,stage2-best,7,152,150,150,0.0000,3.0,840
BKW09,stage2-best,9,152,150,150,0.0000,4.4,1239
BKW09,stage2-best,1,152,150,150,0.0000,13.5,3753
BKW09,stage2-best,8,152,150,150,0.0000,7.1,2021
BKW09,stage1-best,10,162,152,150,1.3333,20.0,21827
BKW09,stage2-best,10,152,150,150,0.0000,10.7,3158
BKW10,classic-bf,1,153,151,150,0.6667,20.0,10031
BKW10,classic-bf,2,153,151,150,0.6667,20.0,10198
BKW10,classic-bf,3,153,151,150,0.6667,20.0,10239
BKW10,classic-bf,4,153,151,150,0.6667,20.0,10309
BKW10,classic-bf,5,153,151,150,0.6667,20.0,10196
BKW10,classic-bf,6,153,151,150,0.6667,20.0,10157
BKW10,classic-bf,7,153,151,150,0.6667,20.0,10435
BKW10,classic-bf,8,153,151,150,0.6667,20.0,10394
BKW10,classic-bf,9,153,151,150,0.6667,20.0,10521
BKW10,classic-bf,10,153,151,150,0.6667,20.0,10509
BKW10,stage1-best,1,153,152,150,1.3333,20.0,11993
BKW10,stage1-best,2,153,151,150,0.6667,20.0,12017
BKW10,stage1-best,3,153,151,150,0.6667,20.0,12230
BKW10,stage1-best,4,153,151,150,0.6667,20.0,12144
BKW10,stage1-best,5,153,151,150,0.6667,20.0,12283
BKW10,stage1-best,6,153,151,150,0.6667,20.0,12259
BKW10,stage2-best,2,151,150,150,0.0000,0.1,12
BKW10,stage2-best,1,151,150,150,0.0000,1.6,154
BKW10,stage2-best,4,151,150,150,0.0000,2.2,205
BKW10,stage2-best,5,151,150,150,0.0000,0.3,24
BKW10,stage2-best,3,151,150,150,0.0000,4.1,393
BKW10,stage1-best,7,153,151,150,0.6667,20.0,12264
BKW10,stage1-best,8,153,151,150,0.6667,20.0,12284
BKW10,stage2-best,8,151,150,150,0.0000,0.3,29
BKW10,stage2-best,6,151,150,150,0.0000,2.5,239
BKW10,stage2-best,9,151,150,150,0.0000,2.2,211
BKW10,stage2-best,10,151,150,150,0.0000,10.6,951
BKW10,stage1-best,9,153,151,150,0.6667,20.0,11963
BKW10,stage2-best,7,151,150,150,0.0000,12.0,1071
BKW10,stage1-best,10,153,151,150,0.6667,20.0,11660
BKW11,classic-bf,1,153,152,150,1.3333,20.0,6703
BKW11,classic-bf,2,153,151,150,0.6667,20.0,6591
BKW11,classic-bf,3,153,152,150,1.3333,20.0,6535
BKW11,classic-bf,4,153,152,150,1.3333,20.0,6586
BKW11,classic-bf,5,153,152,150,1.3333,20.0,6593
BKW11,classic-bf,6,153,152,150,1.3333,20.0,6539
BKW11,classic-bf,7,153,151,150,0.6667,20.0,6618
BKW11,classic-bf,8,153,152,150,1.3333,20.0,6536
BKW11,classic-bf,9,153,152,150,1.3333,20.0,6556
BKW11,classic-bf,10,153,152,150,1.3333,20.0,6493
BKW11,stage1-best,1,152,151,150,0.6667,20.0,7289
BKW11,stage1-best,2,152,152,150,1.3333,20.0,7247
BKW11,stage1-best,3,152,151,150,0.6667,20.0,7324
BKW11,stage1-best,4,152,152,150,1.3333,20.0,7218
BKW11,stage1-best,5,152,151,150,0.6667,20.0,7334
BKW11,stage1-best,6,152,151,150,0.6667,20.0,7330
BKW11,stage1-best,7,152,152,150,1.3333,20.0,7298
BKW11,stage1-best,8,152,151,150,0.6667,20.0,7244
BKW11,stage2-best,2,151,150,150,0.0000,3.1,121
BKW11,stage2-best,1,151,150,150,0.0000,4.9,197
BKW11,stage2-best,4,151,150,150,0.0000,2.7,111
BKW11,stage2-best,5,151,150,150,0.0000,6.0,237
BKW11,stage1-best,9,152,151,150,0.6667,20.0,7194
BKW11,stage2-best,9,151,150,150,0.0000,1.1,46
BKW11,stage1-best,10,152,151,150,0.6667,20.0,7133
BKW11,stage2-best,6,151,150,150,0.0000,13.0,502
BKW11,stage2-best,3,151,151,150,0.6667,20.0,764
BKW11,stage2-best,7,151,150,150,0.0000,16.9,635
BKW11,stage2-best,8,151,151,150,0.6667,20.0,751
BKW11,stage2-best,10,151,150,150,0.0000,19.8,744
BKW12,classic-bf,1,305,305,300,1.6667,20.0,2348
BKW12,classic-bf,2,305,304,300,1.3333,20.0,2488
BKW12,classic-bf,3,305,304,300,1.3333,20.0,2582
BKW12,classic-bf,4,305,304,300,1.3333,20.0,2530
BKW12,classic-bf,5,305,305,300,1.6667,20.0,2576
BKW12,classic-bf,6,305,304,300,1.3333,20.0,2493
BKW12,classic-bf,7,305,304,300,1.3333,20.0,2551
BKW12,classic-bf,8,305,304,300,1.3333,20.0,2566
BKW12,classic-bf,9,305,304,300,1.3333,20.0,2557
BKW12,classic-bf,10,305,304,300,1.3333,20.0,2543
BKW12,stage1-best,1,306,304,300,1.3333,20.0,3021
BKW12,stage1-best,2,306,304,300,1.3333,20.0,2949
BKW12,stage1-best,3,306,304,300,1.3333,20.0,2908
BKW12,stage1-best,4,306,304,300,1.3333,20.0,2860
BKW12,stage1-best,5,306,304,300,1.3333,20.0,2746
BKW12,stage1-best,6,306,304,300,1.3333,20.0,2800
BKW12,stage1-best,7,306,305,300,1.6667,20.0,2802
BKW12,stage1-best,8,306,305,300,1.6667,20.0,2767
BKW12,stage1-best,9,306,304,300,1.3333,20.0,2813
BKW12,stage1-best,10,306,304,300,1.3333,20.0,2868
BKW12,stage2-best,1,301,301,300,0.3333,20.0,298
BKW12,stage2-best,2,301,301,300,0.3333,20.0,297
BKW12,stage2-best,3,301,301,300,0.3333,20.0,301
BKW12,stage2-best,4,301,301,300,0.3333,20.0,304
BKW12,stage2-best,5,301,301,300,0.3333,20.0,304
BKW12,stage2-best,6,301,301,300,0.3333,20.0,302
BKW12,stage2-best,7,301,301,300,0.3333,20.0,307
BKW12,stage2-best,8,301,301,300,0.3333,20.1,305
BKW12,stage2-best,9,301,301,300,0.3333,20.0,304
BKW12,stage2-best,10,301,301,300,0.3333,20.0,306
BKW13,classic-bf,1,965,963,960,0.3125,20.0,69
BKW13,classic-bf,2,965,964,960,0.4167,20.1,69
BKW13,classic-bf,3,965,964,960,0.4167,20.2,71
BKW13,classic-bf,4,965,963,960,0.3125,20.0,68
BKW13,classic-bf,5,965,964,960,0.4167,20.2,67
BKW13,classic-bf,6,965,965,960,0.5208,20.1,68
BKW13,classic-bf,7,965,964,960,0.4167,20.1,66
BKW13,classic-bf,8,965,964,960,0.4167,20.1,60
BKW13,classic-bf,9,965,964,960,0.4167,20.0,64
BKW13,classic-bf,10,965,964,960,0.4167,20.2,65
BKW13,stage1-best,1,968,967,960,0.7292,20.3,71
BKW13,stage1-best,2,968,967,960,0.7292,20.2,71
BKW13,stage1-best,3,968,967,960,0.7292,20.0,69
BKW13,stage1-best,4,968,966,960,0.6250,20.3,72
BKW13,stage1-best,5,968,967,960,0.7292,20.1,71
BKW13,stage1-best,6,968,968,960,0.8333,20.1,71
BKW13,stage1-best,7,968,967,960,0.7292,20.2,71
BKW13,stage1-best,8,968,966,960,0.6250,20.0,70
BKW13,stage1-best,9,968,967,960,0.7292,20.3,72
BKW13,stage1-best,10,968,966,960,0.6250,20.3,72
BKW13,stage2-best,1,962,962,960,0.2083,21.3,8
BKW13,stage2-best,2,962,961,960,0.1042,21.7,8
BKW13,stage2-best,3,962,962,960,0.2083,21.9,8
BKW13,stage2-best,4,962,962,960,0.2083,22.0,8
BKW13,stage2-best,5,962,962,960,0.2083,21.8,8
BKW13,stage2-best,6,962,962,960,0.2083,21.6,8
BKW13,stage2-best,7,962,962,960,0.2083,21.2,8
BKW13,stage2-best,8,962,961,960,0.1042,20.8,8
BKW13,stage2-best,9,962,962,960,0.2083,20.5,9
BKW13,stage2-best,10,962,962,960,0.2083,20.3,9
